Date,Value
2007/12/31,1.001930175
2008/1/2,1.009645799
2008/1/3,1.007911286
2008/1/4,1.003028221
2008/1/7,0.996294654
2008/1/8,0.998140602
2008/1/9,0.999803702
2008/1/10,0.992362429
2008/1/11,0.992854679
2008/1/14,1.000760483
2008/1/15,0.994288199
2008/1/16,0.980001351
2008/1/17,0.976801513
2008/1/18,0.974558604
2008/1/22,0.957275827
2008/1/23,0.960404903
2008/1/24,0.965220792
2008/1/25,0.976815796
2008/1/28,0.977300904
2008/1/29,0.980323881
2008/1/30,0.972815533
2008/1/31,0.979508739
2008/2/1,0.987617733
2008/2/4,0.992701214
2008/2/5,0.985770394
2008/2/6,0.977601464
2008/2/7,0.973463169
2008/2/8,0.982559429
2008/2/11,0.984517456
2008/2/12,0.982751681
2008/2/13,0.985580757
2008/2/14,0.988153393
2008/2/15,0.98949714
2008/2/19,0.998215939
2008/2/20,0.997011903
2008/2/21,1.002845155
2008/2/22,1.002832898
2008/2/25,1.006788136
2008/2/26,1.016561195
2008/2/27,1.020386628
2008/2/28,1.025882567
2008/2/29,1.020560686
2008/3/3,1.018364687
2008/3/4,1.008841343
2008/3/5,1.014535683
2008/3/6,1.014637543
2008/3/7,1.007423633
2008/3/10,1.007679608
2008/3/11,1.015462323
2008/3/12,1.026660506
2008/3/13,1.020332205
2008/3/14,1.018470627
2008/3/17,0.99979113
2008/3/18,1.013670267
2008/3/19,1.002799836
2008/3/20,0.998107136
2008/3/24,1.00129148
2008/3/25,1.014017211
2008/3/26,1.017560243
2008/3/27,1.016223301
2008/3/28,1.015045214
2008/3/31,1.009618599
2008/4/1,1.010856983
2008/4/2,1.022076101
2008/4/3,1.023138301
2008/4/4,1.033189047
2008/4/7,1.036703162
2008/4/8,1.034573626
2008/4/9,1.041061813
2008/4/10,1.041301069
2008/4/11,1.040374525
2008/4/14,1.036624551
2008/4/15,1.038492501
2008/4/16,1.043363715
2008/4/17,1.043415524
2008/4/18,1.04534789
2008/4/21,1.048836519
2008/4/22,1.050160356
2008/4/23,1.049355535
2008/4/24,1.041864028
2008/4/25,1.044663984
2008/4/28,1.049837106
2008/4/29,1.041210115
2008/4/30,1.042606715
2008/5/1,1.04341721
2008/5/2,1.049003725
2008/5/5,1.052501835
2008/5/6,1.055742621
2008/5/7,1.055251665
2008/5/8,1.059849811
2008/5/9,1.063213071
2008/5/12,1.063908536
2008/5/13,1.064255889
2008/5/14,1.060346119
2008/5/15,1.069501037
2008/5/16,1.077175324
2008/5/19,1.080003518
2008/5/20,1.082652126
2008/5/21,1.085087717
2008/5/22,1.076855066
2008/5/23,1.075549227
2008/5/27,1.065999149
2008/5/28,1.066110243
2008/5/29,1.058583785
2008/5/30,1.066141742
2008/6/2,1.068672731
2008/6/3,1.063078767
2008/6/4,1.054447919
2008/6/5,1.064871834
2008/6/6,1.076472236
2008/6/9,1.0691885
2008/6/10,1.056535031
2008/6/11,1.061872661
2008/6/12,1.055840221
2008/6/13,1.055285537
2008/6/16,1.061722733
2008/6/17,1.065061049
2008/6/18,1.068180009
2008/6/19,1.059492061
2008/6/20,1.057577582
2008/6/23,1.055643542
2008/6/24,1.054766319
2008/6/25,1.058074936
2008/6/26,1.063250797
2008/6/27,1.062324863
2008/6/30,1.060248835
2008/7/1,1.057636964
2008/7/2,1.057611964
2008/7/3,1.050196975
2008/7/7,1.047066301
2008/7/8,1.041942029
2008/7/9,1.045000162
2008/7/10,1.051779722
2008/7/11,1.050915295
2008/7/14,1.05133202
2008/7/15,1.037001573
2008/7/16,1.033084553
2008/7/17,1.029885172
2008/7/18,1.022969005
2008/7/21,1.03072206
2008/7/22,1.02634093
2008/7/23,1.022793945
2008/7/24,1.021280243
2008/7/25,1.012845914
2008/7/28,1.016836116
2008/7/29,1.014233923
2008/7/30,1.024789404
2008/7/31,1.022490322
2008/8/1,1.020115831
2008/8/4,1.005133871
2008/8/5,1.000979988
2008/8/6,1.000792676
2008/8/7,1.005866818
2008/8/8,0.998018489
2008/8/11,0.996445747
2008/8/12,0.994200626
2008/8/13,0.997617588
2008/8/14,1.003487187
2008/8/15,0.999499512
2008/8/18,0.997167751
2008/8/19,0.992496076
2008/8/20,1.002166779
2008/8/21,1.009575243
2008/8/22,1.002241174
2008/8/25,1.000678611
2008/8/26,0.998610565
2008/8/27,1.005839852
2008/8/28,1.005342932
2008/8/29,1.001131079
2008/9/2,0.989154142
2008/9/3,0.984677139
2008/9/4,0.976328303
2008/9/5,0.967895756
2008/9/8,0.97768532
2008/9/9,0.961777679
2008/9/10,0.957239621
2008/9/11,0.951806932
2008/9/12,0.955413023
2008/9/15,0.943869202
2008/9/16,0.927736103
2008/9/17,0.927956782
2008/9/18,0.932308082
2008/9/19,0.955654456
2008/9/22,0.958874806
2008/9/23,0.945688954
2008/9/24,0.946091148
2008/9/25,0.949900656
2008/9/26,0.944963846
2008/9/29,0.917405277
2008/9/30,0.921784578
2008/10/1,0.919687709
2008/10/2,0.898855583
2008/10/3,0.889747797
2008/10/6,0.861470844
2008/10/7,0.85029237
2008/10/8,0.827297979
2008/10/9,0.81827871
2008/10/10,0.79698623
2008/10/13,0.823042854
2008/10/14,0.829095918
2008/10/15,0.79480379
2008/10/16,0.779124441
2008/10/17,0.77684782
2008/10/20,0.793340636
2008/10/21,0.787575158
2008/10/22,0.758188811
2008/10/23,0.7533828
2008/10/24,0.726160291
2008/10/27,0.715082053
2008/10/28,0.732751433
2008/10/29,0.74930019
2008/10/30,0.768050602
2008/10/31,0.772970371
2008/11/3,0.775626072
2008/11/4,0.799939638
2008/11/5,0.787881496
2008/11/6,0.761669206
2008/11/7,0.764963975
2008/11/10,0.772943676
2008/11/11,0.761570949
2008/11/12,0.740234248
2008/11/13,0.745478581
2008/11/14,0.745037224
2008/11/17,0.737669483
2008/11/18,0.732195021
2008/11/19,0.724877188
2008/11/20,0.708828731
2008/11/21,0.71625019
2008/11/24,0.736223727
2008/11/25,0.743999676
2008/11/26,0.760844509
2008/11/28,0.768177883
2008/12/1,0.750519821
2008/12/2,0.74954731
2008/12/3,0.752513617
2008/12/4,0.745280237
2008/12/5,0.739452611
2008/12/8,0.76492284
2008/12/9,0.761829229
2008/12/10,0.774953674
2008/12/11,0.781628716
2008/12/12,0.779131785
2008/12/15,0.780507905
2008/12/16,0.796601527
2008/12/17,0.809474975
2008/12/18,0.810387614
2008/12/19,0.807315567
2008/12/22,0.796030205
2008/12/23,0.789861497
2008/12/24,0.782901381
2008/12/26,0.790975123
2008/12/29,0.793322626
2008/12/30,0.801765345
2008/12/31,0.809441351
2009/1/2,0.805152503
2009/1/5,0.803607711
2009/1/6,0.80727869
2009/1/7,0.804498996
2009/1/8,0.805086467
2009/1/9,0.805285991
2009/1/12,0.803220545
2009/1/13,0.803650411
2009/1/14,0.805026702
2009/1/15,0.80475289
2009/1/16,0.804254637
2009/1/20,0.798270916
2009/1/21,0.793191918
2009/1/22,0.79097268
2009/1/23,0.794120083
2009/1/26,0.794717204
2009/1/27,0.796573498
2009/1/28,0.794798037
2009/1/29,0.789047029
2009/1/30,0.788442621
2009/2/2,0.790821888
2009/2/3,0.785748296
2009/2/4,0.784218673
2009/2/5,0.787254556
2009/2/6,0.786520796
2009/2/9,0.785955277
2009/2/10,0.789956086
2009/2/11,0.79312458
2009/2/12,0.793888759
2009/2/13,0.785909512
2009/2/17,0.788751987
2009/2/18,0.784645036
2009/2/19,0.782328884
2009/2/20,0.785484688
2009/2/23,0.783605255
2009/2/24,0.785294685
2009/2/25,0.78232106
2009/2/26,0.781511198
2009/2/27,0.779426698
2009/3/2,0.777311571
2009/3/3,0.77650292
2009/3/4,0.777421972
2009/3/5,0.781177711
2009/3/6,0.78331883
2009/3/9,0.779925063
2009/3/10,0.778761865
2009/3/11,0.778076561
2009/3/12,0.784797878
2009/3/13,0.783525222
2009/3/16,0.781697946
2009/3/17,0.783000427
2009/3/18,0.794486576
2009/3/19,0.799410011
2009/3/20,0.797690207
2009/3/23,0.800559407
2009/3/24,0.799692507
2009/3/25,0.795798186
2009/3/26,0.799820108
2009/3/27,0.797196538
2009/3/30,0.794825403
2009/3/31,0.798363007
2009/4/1,0.799087764
2009/4/2,0.800783816
2009/4/3,0.798340005
2009/4/6,0.795251998
2009/4/7,0.794758216
2009/4/8,0.797639231
2009/4/9,0.798220614
2009/4/13,0.801853519
2009/4/14,0.801956829
2009/4/15,0.803379334
2009/4/16,0.80188802
2009/4/17,0.798214148
2009/4/20,0.797159758
2009/4/21,0.797077002
2009/4/22,0.794616457
2009/4/23,0.797782643
2009/4/24,0.798633299
2009/4/27,0.798602853
2009/4/28,0.795265926
2009/4/29,0.795720866
2009/4/30,0.79607864
2009/5/1,0.797111184
2009/5/4,0.800191684
2009/5/5,0.800912162
2009/5/6,0.803794177
2009/5/7,0.800155919
2009/5/8,0.803044942
2009/5/11,0.806239264
2009/5/12,0.807529477
2009/5/13,0.808571402
2009/5/14,0.809489733
2009/5/15,0.806827556
2009/5/18,0.807050481
2009/5/19,0.807605646
2009/5/20,0.812123912
2009/5/21,0.806771232
2009/5/22,0.805609173
2009/5/26,0.804757499
2009/5/27,0.799181503
2009/5/28,0.801810277
2009/5/29,0.81211123
2009/6/1,0.807735484
2009/6/2,0.810703744
2009/6/3,0.810868581
2009/6/4,0.808521561
2009/6/5,0.802152578
2009/6/8,0.800083151
2009/6/9,0.803172305
2009/6/10,0.799963261
2009/6/11,0.803175025
2009/6/12,0.804898913
2009/6/15,0.805859916
2009/6/16,0.807427954
2009/6/17,0.809713296
2009/6/18,0.803112817
2009/6/19,0.80508102
2009/6/22,0.805502901
2009/6/23,0.808496006
2009/6/24,0.807583907
2009/6/25,0.813214237
2009/6/26,0.813967043
2009/6/29,0.815002528
2009/6/30,0.812805325
2009/7/1,0.812958902
2009/7/2,0.812356082
2009/7/6,0.810405953
2009/7/7,0.810546976
2009/7/8,0.813832076
2009/7/9,0.809961759
2009/7/10,0.813848904
2009/7/13,0.813666945
2009/7/14,0.810662487
2009/7/15,0.808480673
2009/7/16,0.810804705
2009/7/17,0.809596637
2009/7/20,0.814700642
2009/7/21,0.818562741
2009/7/22,0.816715597
2009/7/23,0.814175311
2009/7/24,0.815907195
2009/7/27,0.81513996
2009/7/28,0.815314855
2009/7/29,0.813887315
2009/7/30,0.819194026
2009/7/31,0.826681113
2009/8/3,0.825553905
2009/8/4,0.825561379
2009/8/5,0.823794179
2009/8/6,0.823767157
2009/8/7,0.819764342
2009/8/10,0.823081163
2009/8/11,0.82426142
2009/8/12,0.824006142
2009/8/13,0.828646202
2009/8/14,0.827994607
2009/8/17,0.827665907
2009/8/18,0.827782644
2009/8/19,0.830799222
2009/8/20,0.831777984
2009/8/21,0.828776024
2009/8/24,0.832214512
2009/8/25,0.832671708
2009/8/26,0.833134633
2009/8/27,0.833023011
2009/8/28,0.834383094
2009/8/31,0.834679561
2009/9/1,0.832896557
2009/9/2,0.836209037
2009/9/3,0.83546861
2009/9/4,0.831373267
2009/9/8,0.833540239
2009/9/9,0.833663965
2009/9/10,0.839583871
2009/9/11,0.83940349
2009/9/14,0.837467926
2009/9/15,0.838270086
2009/9/16,0.840258155
2009/9/17,0.843748437
2009/9/18,0.840198325
2009/9/21,0.837434496
2009/9/22,0.841141758
2009/9/23,0.840764785
2009/9/24,0.839704516
2009/9/25,0.840401637
2009/9/28,0.843174369
2009/9/29,0.843112338
2009/9/30,0.845494712
2009/10/1,0.848512352
2009/10/2,0.845794195
2009/10/5,0.846745005
2009/10/6,0.848211279
2009/10/7,0.850925426
2009/10/8,0.85070464
2009/10/9,0.845896025
2009/10/12,0.846057284
2009/10/13,0.852252806
2009/10/14,0.849403251
2009/10/15,0.848425912
2009/10/16,0.850407785
2009/10/19,0.85291268
2009/10/20,0.85513326
2009/10/21,0.854397412
2009/10/22,0.854395101
2009/10/23,0.852688586
2009/10/26,0.848709138
2009/10/27,0.851595701
2009/10/28,0.850813881
2009/10/29,0.850459623
2009/10/30,0.852588651
2009/11/2,0.85362508
2009/11/3,0.852575732
2009/11/4,0.850857055
2009/11/5,0.851465277
2009/11/6,0.851164761
2009/11/9,0.854123771
2009/11/10,0.853703294
2009/11/11,0.85430071
2009/11/12,0.855301257
2009/11/13,0.856390586
2009/11/16,0.864209329
2009/11/17,0.864561452
2009/11/18,0.863472333
2009/11/19,0.862489073
2009/11/20,0.862257956
2009/11/23,0.863718629
2009/11/24,0.86427604
2009/11/25,0.868005132
2009/11/27,0.868796618
2009/11/30,0.871270016
2009/12/1,0.869864172
2009/12/2,0.868745692
2009/12/3,0.866551599
2009/12/4,0.861842881
2009/12/7,0.861863052
2009/12/8,0.862992634
2009/12/9,0.860102773
2009/12/10,0.85770267
2009/12/11,0.856997504
2009/12/14,0.858014312
2009/12/15,0.855575175
2009/12/16,0.857875182
2009/12/17,0.861104761
2009/12/18,0.859225247
2009/12/21,0.854217156
2009/12/22,0.851930187
2009/12/23,0.853566575
2009/12/24,0.851552208
2009/12/28,0.851669891
2009/12/29,0.853712465
2009/12/30,0.854862967
2009/12/31,0.852733145
2010/1/4,0.859177278
2010/1/5,0.862457598
2010/1/6,0.863881491
2010/1/7,0.86287248
2010/1/8,0.862932836
2010/1/11,0.86636902
2010/1/12,0.867129561
2010/1/13,0.862909464
2010/1/14,0.865705628
2010/1/15,0.864980935
2010/1/19,0.865311014
2010/1/20,0.863784093
2010/1/21,0.862541394
2010/1/22,0.858260415
2010/1/25,0.859271635
2010/1/26,0.858104173
2010/1/27,0.856930357
2010/1/28,0.855783438
2010/1/29,0.855593187
2010/2/1,0.856713204
2010/2/2,0.862130841
2010/2/3,0.860811006
2010/2/4,0.856496278
2010/2/5,0.853187482
2010/2/8,0.853305886
2010/2/9,0.85422555
2010/2/10,0.852702357
2010/2/11,0.854085101
2010/2/12,0.855235063
2010/2/16,0.862542026
2010/2/17,0.861225534
2010/2/18,0.860502633
2010/2/19,0.860382033
2010/2/22,0.861187789
2010/2/23,0.861589059
2010/2/24,0.861534456
2010/2/25,0.860407182
2010/2/26,0.86485498
2010/3/1,0.865045757
2010/3/2,0.867793946
2010/3/3,0.869898891
2010/3/4,0.869353125
2010/3/5,0.86904754
2010/3/8,0.868169596
2010/3/9,0.867278589
2010/3/10,0.86773192
2010/3/11,0.86567399
2010/3/12,0.865996892
2010/3/15,0.865263378
2010/3/16,0.870208449
2010/3/17,0.87134974
2010/3/18,0.870464721
2010/3/19,0.867116043
2010/3/22,0.866541267
2010/3/23,0.866917695
2010/3/24,0.861822222
2010/3/25,0.860333244
2010/3/26,0.861872103
2010/3/29,0.864743166
2010/3/30,0.864700083
2010/3/31,0.866654109
2010/4/1,0.867891216
2010/4/5,0.865449252
2010/4/6,0.867805347
2010/4/7,0.871798022
2010/4/8,0.871480936
2010/4/9,0.87299823
2010/4/12,0.875613944
2010/4/13,0.875501979
2010/4/14,0.876070921
2010/4/15,0.876719118
2010/4/16,0.877192292
2010/4/19,0.873120468
2010/4/20,0.875056511
2010/4/21,0.876914192
2010/4/22,0.874970559
2010/4/23,0.875272599
2010/4/26,0.877356477
2010/4/27,0.878277076
2010/4/28,0.877570065
2010/4/29,0.880625392
2010/4/30,0.884090269
2010/5/3,0.883474627
2010/5/4,0.883939333
2010/5/5,0.881351782
2010/5/6,0.884828326
2010/5/7,0.883685343
2010/5/10,0.883692878
2010/5/11,0.88642412
2010/5/12,0.888840277
2010/5/13,0.889105346
2010/5/14,0.889656178
2010/5/17,0.887103484
2010/5/18,0.886732238
2010/5/19,0.882676367
2010/5/20,0.88257582
2010/5/21,0.882528293
2010/5/24,0.882188148
2010/5/25,0.882807894
2010/5/26,0.884708222
2010/5/27,0.884370756
2010/5/28,0.884691963
2010/6/1,0.886110302
2010/6/2,0.884319961
2010/6/3,0.884563754
2010/6/4,0.885268118
2010/6/7,0.886486545
2010/6/8,0.890704279
2010/6/9,0.889743111
2010/6/10,0.885684136
2010/6/11,0.888975205
2010/6/14,0.889408165
2010/6/15,0.890039271
2010/6/16,0.892213294
2010/6/17,0.896072443
2010/6/18,0.896603465
2010/6/21,0.897123377
2010/6/22,0.896026466
2010/6/23,0.895064257
2010/6/24,0.895364192
2010/6/25,0.89902474
2010/6/28,0.901395939
2010/6/29,0.897052901
2010/6/30,0.898345981
2010/7/1,0.896312982
2010/7/2,0.891289323
2010/7/6,0.892384731
2010/7/7,0.893055367
2010/7/8,0.893476305
2010/7/9,0.895337066
2010/7/12,0.894816764
2010/7/13,0.896380248
2010/7/14,0.897271164
2010/7/15,0.899381229
2010/7/16,0.897176413
2010/7/19,0.895621669
2010/7/20,0.897232471
2010/7/21,0.899647431
2010/7/22,0.901776403
2010/7/23,0.899682132
2010/7/26,0.899656062
2010/7/27,0.896452343
2010/7/28,0.896838918
2010/7/29,0.898668342
2010/7/30,0.902554078
2010/8/2,0.905371709
2010/8/3,0.907120167
2010/8/4,0.908130565
2010/8/5,0.907557294
2010/8/6,0.910250935
2010/8/9,0.909943938
2010/8/10,0.908381095
2010/8/11,0.909788891
2010/8/12,0.908770963
2010/8/13,0.910026597
2010/8/16,0.913663404
2010/8/17,0.913687139
2010/8/18,0.912480003
2010/8/19,0.914993355
2010/8/20,0.912110558
2010/8/23,0.912533459
2010/8/24,0.913050483
2010/8/25,0.914311458
2010/8/26,0.916345544
2010/8/27,0.913688641
2010/8/30,0.916210692
2010/8/31,0.918101568
2010/9/1,0.917584554
2010/9/2,0.917758974
2010/9/3,0.916075359
2010/9/7,0.92106411
2010/9/8,0.919670842
2010/9/9,0.916581593
2010/9/10,0.915449904
2010/9/13,0.918038703
2010/9/14,0.922691085
2010/9/15,0.921354929
2010/9/16,0.920731728
2010/9/17,0.921412806
2010/9/20,0.923741644
2010/9/21,0.925216475
2010/9/22,0.928044419
2010/9/23,0.927327281
2010/9/24,0.927932409
2010/9/27,0.930069128
2010/9/28,0.93094485
2010/9/29,0.932304523
2010/9/30,0.932819135
2010/10/1,0.934200796
2010/10/4,0.935090689
2010/10/5,0.938692915
2010/10/6,0.942787453
2010/10/7,0.942366707
2010/10/8,0.944080458
2010/10/11,0.945533298
2010/10/12,0.944815936
2010/10/13,0.947787377
2010/10/14,0.946806386
2010/10/15,0.943331899
2010/10/18,0.946263879
2010/10/19,0.942029812
2010/10/20,0.944192947
2010/10/21,0.942622554
2010/10/22,0.940374964
2010/10/25,0.943077088
2010/10/26,0.940630147
2010/10/27,0.938056197
2010/10/28,0.940799455
2010/10/29,0.943523983
2010/11/1,0.945137426
2010/11/2,0.946785157
2010/11/3,0.945852587
2010/11/4,0.954612831
2010/11/5,0.955014879
2010/11/8,0.953836922
2010/11/9,0.954519247
2010/11/10,0.951703028
2010/11/11,0.951863102
2010/11/12,0.945057746
2010/11/15,0.939631892
2010/11/16,0.936199221
2010/11/17,0.934794906
2010/11/18,0.937387759
2010/11/19,0.936375612
2010/11/22,0.939760951
2010/11/23,0.942654969
2010/11/24,0.939672436
2010/11/26,0.93866275
2010/11/29,0.940522125
2010/11/30,0.94289952
2010/12/1,0.940846091
2010/12/2,0.941438549
2010/12/3,0.944201891
2010/12/6,0.948162052
2010/12/7,0.942839293
2010/12/8,0.937295375
2010/12/9,0.938211633
2010/12/10,0.934878732
2010/12/13,0.939469386
2010/12/14,0.934213936
2010/12/15,0.93162297
2010/12/16,0.929391489
2010/12/17,0.935412543
2010/12/20,0.937029813
2010/12/21,0.938677508
2010/12/22,0.939088736
2010/12/23,0.936562931
2010/12/27,0.93769325
2010/12/28,0.934679985
2010/12/29,0.943764452
2010/12/30,0.941825739
2010/12/31,0.94552107
2011/1/3,0.947774625
2011/1/4,0.944256568
2011/1/5,0.935854664
2011/1/6,0.935924788
2011/1/7,0.935640688
2011/1/10,0.933934122
2011/1/11,0.936488124
2011/1/12,0.941585552
2011/1/13,0.943419692
2011/1/14,0.938712852
2011/1/18,0.938917808
2011/1/19,0.940674895
2011/1/20,0.928258748
2011/1/21,0.927483755
2011/1/24,0.927827177
2011/1/25,0.92482541
2011/1/26,0.925034087
2011/1/27,0.927524554
2011/1/28,0.921513916
2011/1/31,0.921102296
2011/2/1,0.923818742
2011/2/2,0.925419448
2011/2/3,0.922091487
2011/2/4,0.926278207
2011/2/7,0.925016926
2011/2/8,0.9273731
2011/2/9,0.925945713
2011/2/10,0.917255174
2011/2/11,0.921300705
2011/2/14,0.92547991
2011/2/15,0.927410546
2011/2/16,0.927915216
2011/2/17,0.931440885
2011/2/18,0.934362082
2011/2/22,0.936540114
2011/2/23,0.936773621
2011/2/24,0.935903181
2011/2/25,0.937105894
2011/2/28,0.941888514
2011/3/1,0.945381169
2011/3/2,0.947858
2011/3/3,0.945625221
2011/3/4,0.950924855
2011/3/7,0.951960579
2011/3/8,0.949260488
2011/3/9,0.95187992
2011/3/10,0.944965885
2011/3/11,0.942790866
2011/3/14,0.94824809
2011/3/15,0.937783507
2011/3/16,0.940735803
2011/3/17,0.939222614
2011/3/18,0.944507251
2011/3/21,0.949289287
2011/3/22,0.950032488
2011/3/23,0.953761922
2011/3/24,0.957068126
2011/3/25,0.955626932
2011/3/28,0.950180019
2011/3/29,0.950202836
2011/3/30,0.956458266
2011/3/31,0.962073784
2011/4/1,0.960363463
2011/4/4,0.967021007
2011/4/5,0.966045035
2011/4/6,0.973558396
2011/4/7,0.973000089
2011/4/8,0.975992686
2011/4/11,0.974730522
2011/4/12,0.967348363
2011/4/13,0.971493373
2011/4/14,0.972336985
2011/4/15,0.976600621
2011/4/18,0.976998913
2011/4/19,0.977811989
2011/4/20,0.985849965
2011/4/21,0.988761272
2011/4/25,0.989212577
2011/4/26,0.9889061
2011/4/27,0.990898151
2011/4/28,0.997500529
2011/4/29,0.998676928
2011/5/2,0.999835268
2011/5/3,0.997487802
2011/5/4,0.995153406
2011/5/5,0.987414056
2011/5/6,0.982307258
2011/5/9,0.985909941
2011/5/10,0.988569595
2011/5/11,0.988066886
2011/5/12,0.978807536
2011/5/13,0.98292697
2011/5/16,0.980995017
2011/5/17,0.975960405
2011/5/18,0.980930876
2011/5/19,0.979776953
2011/5/20,0.979700848
2011/5/23,0.978725991
2011/5/24,0.985099546
2011/5/25,0.983099179
2011/5/26,0.986124316
2011/5/27,0.992345338
2011/5/31,0.998230619
2011/6/1,0.999026786
2011/6/2,0.996628869
2011/6/3,0.996631021
2011/6/6,0.99686875
2011/6/7,0.996905189
2011/6/8,0.994845162
2011/6/9,0.993148705
2011/6/10,0.988918345
2011/6/13,0.986589989
2011/6/14,0.984382971
2011/6/15,0.988891224
2011/6/16,0.983591747
2011/6/17,0.985493284
2011/6/20,0.98541593
2011/6/21,0.988732556
2011/6/22,0.991337316
2011/6/23,0.983513874
2011/6/24,0.984154671
2011/6/27,0.977786023
2011/6/28,0.977913079
2011/6/29,0.981418881
2011/6/30,0.984403521
2011/7/1,0.981153763
2011/7/5,0.991195759
2011/7/6,0.994948831
2011/7/7,0.995745748
2011/7/8,1.001285815
2011/7/11,1.00151731
2011/7/12,0.995774974
2011/7/13,1.006671282
2011/7/14,1.007342763
2011/7/15,1.006843561
2011/7/18,1.005983392
2011/7/19,1.00898954
2011/7/20,1.006616327
2011/7/21,1.010276366
2011/7/22,1.014191539
2011/7/25,1.014529039
2011/7/26,1.017686034
2011/7/27,1.018309358
2011/7/28,1.015789759
2011/7/29,1.020642623
2011/8/1,1.023280567
2011/8/2,1.024687938
2011/8/3,1.026311842
2011/8/4,1.024071156
2011/8/5,1.008247329
2011/8/8,1.004866718
2011/8/9,1.009828984
2011/8/10,1.020994036
2011/8/11,1.014824166
2011/8/12,1.012564929
2011/8/15,1.017184885
2011/8/16,1.029206563
2011/8/17,1.033537808
2011/8/18,1.033952967
2011/8/19,1.0314314
2011/8/22,1.035528191
2011/8/23,1.037862593
2011/8/24,1.011657135
2011/8/25,1.003791378
2011/8/26,1.017281983
2011/8/29,1.023458882
2011/8/30,1.03607727
2011/8/31,1.038506485
2011/9/1,1.043250783
2011/9/2,1.053099132
2011/9/6,1.047804684
2011/9/7,1.03602321
2011/9/8,1.046993552
2011/9/9,1.041590511
2011/9/12,1.03077419
2011/9/13,1.024751514
2011/9/14,1.021497081
2011/9/15,1.01604105
2011/9/16,1.02237639
2011/9/19,1.017588009
2011/9/20,1.018715755
2011/9/21,1.016761813
2011/9/22,0.988157425
2011/9/23,0.972629708
2011/9/26,0.949348857
2011/9/27,0.972219648
2011/9/28,0.968684266
2011/9/29,0.96448337
2011/9/30,0.962451442
2011/10/3,0.964258598
2011/10/4,0.952529087
2011/10/5,0.947562556
2011/10/6,0.958549831
2011/10/7,0.966604674
2011/10/10,0.97253729
2011/10/11,0.975946574
2011/10/12,0.983069797
2011/10/13,0.982018003
2011/10/14,0.987057002
2011/10/17,0.991600216
2011/10/18,0.976920514
2011/10/19,0.984755339
2011/10/20,0.971535436
2011/10/21,0.979633959
2011/10/24,0.989860676
2011/10/25,0.995605288
2011/10/26,1.007838975
2011/10/27,1.015424973
2011/10/28,1.027085041
2011/10/31,1.022014885
2011/11/1,1.012605852
2011/11/2,1.023621934
2011/11/3,1.024848732
2011/11/4,1.027773754
2011/11/7,1.035486167
2011/11/8,1.035853309
2011/11/9,1.031327136
2011/11/10,1.016597987
2011/11/11,1.024686223
2011/11/14,1.027558015
2011/11/15,1.025581672
2011/11/16,1.017414593
2011/11/17,1.013012319
2011/11/18,1.002398371
2011/11/21,0.992178856
2011/11/22,0.991283919
2011/11/23,0.981137548
2011/11/25,0.978081942
2011/11/28,0.991488229
2011/11/29,0.993220974
2011/11/30,1.003135652
2011/12/1,1.011958228
2011/12/2,1.014692848
2011/12/5,1.016705336
2011/12/6,1.00506589
2011/12/7,1.013921234
2011/12/8,1.007558493
2011/12/9,1.000380129
2011/12/12,0.988602595
2011/12/13,0.990126576
2011/12/14,0.973376258
2011/12/15,0.964451197
2011/12/16,0.972258729
2011/12/19,0.969954443
2011/12/20,0.974325142
2011/12/21,0.97639546
2011/12/22,0.97749379
2011/12/23,0.977904402
2011/12/27,0.977958953
2011/12/28,0.970078586
2011/12/29,0.962019804
2011/12/30,0.963236407
2012/1/3,0.973720617
2012/1/4,0.973513887
2012/1/5,0.969576577
2012/1/6,0.973236447
2012/1/9,0.973647893
2012/1/10,0.979757155
2012/1/11,0.98239642
2012/1/12,0.983329295
2012/1/13,0.983678054
2012/1/17,0.990735703
2012/1/18,0.987494226
2012/1/19,0.986545831
2012/1/20,0.983096149
2012/1/23,0.986048564
2012/1/24,0.984922216
2012/1/25,0.986165914
2012/1/26,1.001384549
2012/1/27,1.003048471
2012/1/30,1.004748218
2012/1/31,1.010428439
2012/2/1,1.008408225
2012/2/2,1.011561575
2012/2/3,1.006245149
2012/2/6,1.008158017
2012/2/7,1.006253585
2012/2/8,1.010248293
2012/2/9,1.008926069
2012/2/10,1.004532758
2012/2/13,1.007281327
2012/2/14,1.009618199
2012/2/15,1.011029965
2012/2/16,1.005774501
2012/2/17,1.007700445
2012/2/21,1.011142331
2012/2/22,1.014235395
2012/2/23,1.019019276
2012/2/24,1.022378816
2012/2/27,1.02311483
2012/2/28,1.023400664
2012/2/29,1.02161323
2012/3/1,1.013656235
2012/3/2,1.014152955
2012/3/5,1.011097501
2012/3/6,1.004654805
2012/3/7,1.004485859
2012/3/8,1.005743923
2012/3/9,1.006417741
2012/3/12,1.007326287
2012/3/13,1.00627912
2012/3/14,0.991778252
2012/3/15,0.992230206
2012/3/16,0.994733507
2012/3/19,0.992201703
2012/3/20,0.9892535
2012/3/21,0.991950057
2012/3/22,0.988449571
2012/3/23,0.995867607
2012/3/26,0.998513171
2012/3/27,1.002435061
2012/3/28,0.997646548
2012/3/29,0.994138815
2012/3/30,0.993851335
2012/4/2,0.999340004
2012/4/3,0.995596826
2012/4/4,0.986022397
2012/4/5,0.990680673
2012/4/9,0.995958525
2012/4/10,0.995520809
2012/4/11,0.996105403
2012/4/12,0.999619842
2012/4/13,1.000946268
2012/4/16,0.999741576
2012/4/17,0.996885732
2012/4/18,0.998342372
2012/4/19,1.000210467
2012/4/20,0.999217915
2012/4/23,0.997718555
2012/4/24,1.000052766
2012/4/25,0.998640293
2012/4/26,1.00240801
2012/4/27,1.005865755
2012/4/30,1.00611439
2012/5/1,1.005726264
2012/5/2,1.004806644
2012/5/3,1.001491298
2012/5/4,1.000425122
2012/5/7,0.999736189
2012/5/8,0.995224145
2012/5/9,0.990051498
2012/5/10,0.991832676
2012/5/11,0.990167286
2012/5/14,0.986229913
2012/5/15,0.986205297
2012/5/16,0.982807903
2012/5/17,0.985645369
2012/5/18,0.988243155
2012/5/21,0.990774606
2012/5/22,0.985077172
2012/5/23,0.980917737
2012/5/24,0.982194499
2012/5/25,0.983062831
2012/5/29,0.986886504
2012/5/30,0.983336143
2012/5/31,0.986458195
2012/6/1,0.993002986
2012/6/4,0.990174721
2012/6/5,0.988891075
2012/6/6,0.992730519
2012/6/7,0.989044636
2012/6/8,0.984843771
2012/6/11,0.987173925
2012/6/12,0.986776602
2012/6/13,0.991410754
2012/6/14,0.991846434
2012/6/15,0.996309353
2012/6/18,0.997105146
2012/6/19,0.998560398
2012/6/20,0.994785574
2012/6/21,0.988667799
2012/6/22,0.982381255
2012/6/25,0.986648854
2012/6/26,0.98819528
2012/6/27,0.989971442
2012/6/28,0.987703483
2012/6/29,0.998908694
2012/7/2,1.003293386
2012/7/3,1.009457312
2012/7/5,1.009519786
2012/7/6,1.006456953
2012/7/9,1.01011
2012/7/10,1.009888574
2012/7/11,1.009214936
2012/7/12,1.006774305
2012/7/13,1.014192383
2012/7/16,1.017695354
2012/7/17,1.01631055
2012/7/18,1.016674425
2012/7/19,1.018784178
2012/7/20,1.020241279
2012/7/23,1.015004594
2012/7/24,1.017571229
2012/7/25,1.020611788
2012/7/26,1.023275659
2012/7/27,1.020807626
2012/7/30,1.026190036
2012/7/31,1.026169183
2012/8/1,1.021644727
2012/8/2,1.022350444
2012/8/3,1.021371198
2012/8/6,1.025427837
2012/8/7,1.022520735
2012/8/8,1.021894972
2012/8/9,1.023539858
2012/8/10,1.024793594
2012/8/13,1.023718821
2012/8/14,1.017003962
2012/8/15,1.014081167
2012/8/16,1.013615116
2012/8/17,1.015402218
2012/8/20,1.016394362
2012/8/21,1.022328249
2012/8/22,1.026900039
2012/8/23,1.032286441
2012/8/24,1.030380103
2012/8/27,1.03120573
2012/8/28,1.032035304
2012/8/29,1.029723146
2012/8/30,1.030469899
2012/8/31,1.034009189
2012/9/4,1.040120562
2012/9/5,1.0367651
2012/9/6,1.035643636
2012/9/7,1.041384019
2012/9/10,1.041330287
2012/9/11,1.042683339
2012/9/12,1.040194448
2012/9/13,1.040588716
2012/9/14,1.044641713
2012/9/17,1.043284318
2012/9/18,1.041636247
2012/9/19,1.04142693
2012/9/20,1.039802405
2012/9/21,1.044942712
2012/9/24,1.043458316
2012/9/25,1.046191653
2012/9/26,1.044018873
2012/9/27,1.047071458
2012/9/28,1.050284536
2012/10/1,1.052223047
2012/10/2,1.051496933
2012/10/3,1.048266479
2012/10/4,1.050295142
2012/10/5,1.045197414
2012/10/8,1.041935527
2012/10/9,1.044816085
2012/10/10,1.04462137
2012/10/11,1.04934628
2012/10/12,1.048350799
2012/10/15,1.044034144
2012/10/16,1.042995057
2012/10/17,1.040419025
2012/10/18,1.039567709
2012/10/19,1.039381468
2012/10/22,1.036313804
2012/10/23,1.032910488
2012/10/24,1.031104921
2012/10/25,1.030081632
2012/10/26,1.032576253
2012/10/31,1.038098036
2012/11/1,1.036263797
2012/11/2,1.029969956
2012/11/5,1.0325848
2012/11/6,1.034416095
2012/11/7,1.039629241
2012/11/8,1.041058886
2012/11/9,1.044551857
2012/11/12,1.043494147
2012/11/13,1.042841803
2012/11/14,1.041744559
2012/11/15,1.038355349
2012/11/16,1.039390556
2012/11/19,1.043616134
2012/11/20,1.040887627
2012/11/21,1.039433637
2012/11/23,1.043493245
2012/11/26,1.046817994
2012/11/27,1.046914702
2012/11/28,1.042044644
2012/11/29,1.046370598
2012/11/30,1.047272977
2012/12/3,1.04678268
2012/12/4,1.044296043
2012/12/5,1.045027747
2012/12/6,1.045423952
2012/12/7,1.043968519
2012/12/10,1.046443961
2012/12/11,1.044775011
2012/12/12,1.043887044
2012/12/13,1.038938156
2012/12/14,1.042154114
2012/12/17,1.038771669
2012/12/18,1.036178188
2012/12/19,1.035824941
2012/12/20,1.034167781
2012/12/21,1.035796708
2012/12/24,1.034758265
2012/12/26,1.036313823
2012/12/27,1.040301499
2012/12/28,1.040579238
2012/12/31,1.039011759
2013/1/2,1.048601503
2013/1/3,1.044896256
2013/1/4,1.038566315
2013/1/7,1.038273165
2013/1/8,1.03909121
2013/1/9,1.041780187
2013/1/10,1.044509589
2013/1/11,1.041778538
2013/1/14,1.046668015
2013/1/15,1.047938736
2013/1/16,1.04626817
2013/1/17,1.044489849
2013/1/18,1.051427758
2013/1/22,1.05231365
2013/1/23,1.051059433
2013/1/24,1.046284279
2013/1/25,1.038828911
2013/1/28,1.034893197
2013/1/29,1.038171169
2013/1/30,1.037694859
2013/1/31,1.037075329
2013/2/1,1.037477862
2013/2/4,1.038722748
2013/2/5,1.03579631
2013/2/6,1.036648613
2013/2/7,1.034803479
2013/2/8,1.035635529
2013/2/11,1.033461919
2013/2/12,1.031388083
2013/2/13,1.031528392
2013/2/14,1.034110023
2013/2/15,1.028733603
2013/2/19,1.026404336
2013/2/20,1.024470625
2013/2/21,1.018706772
2013/2/22,1.019914953
2013/2/25,1.024010016
2013/2/26,1.021820203
2013/2/27,1.024560287
2013/2/28,1.02559525
2013/3/1,1.025844937
2013/3/4,1.019655771
2013/3/5,1.023343072
2013/3/6,1.023568999
2013/3/7,1.020956162
2013/3/8,1.021480877
2013/3/11,1.020428486
2013/3/12,1.022292787
2013/3/13,1.018523504
2013/3/14,1.016765506
2013/3/15,1.017311663
2013/3/18,1.015998051
2013/3/19,1.017467716
2013/3/20,1.015959513
2013/3/21,1.016214962
2013/3/22,1.014222012
2013/3/25,1.015212566
2013/3/26,1.018566289
2013/3/27,1.022701237
2013/3/28,1.021563104
2013/4/1,1.022790125
2013/4/2,1.019078295
2013/4/3,1.018206161
2013/4/4,1.015477066
2013/4/5,1.021716857
2013/4/8,1.021250548
2013/4/9,1.023644599
2013/4/10,1.02338068
2013/4/11,1.02453963
2013/4/12,1.020563504
2013/4/15,0.992259505
2013/4/16,0.99175606
2013/4/17,0.99124301
2013/4/18,0.991307142
2013/4/19,0.998620488
2013/4/22,1.00240267
2013/4/23,0.998871759
2013/4/24,1.005677775
2013/4/25,1.012150433
2013/4/26,1.0162137
2013/4/29,1.017235677
2013/4/30,1.022206872
2013/5/1,1.021272973
2013/5/2,1.024524976
2013/5/3,1.019746618
2013/5/6,1.020062664
2013/5/7,1.017949305
2013/5/8,1.026663104
2013/5/9,1.024608649
2013/5/10,1.010100846
2013/5/13,1.006626413
2013/5/14,1.00759575
2013/5/15,1.004474911
2013/5/16,1.003072613
2013/5/17,0.997105415
2013/5/20,0.995132872
2013/5/21,0.997816907
2013/5/22,1.001483771
2013/5/23,0.988274104
2013/5/24,0.991133096
2013/5/28,0.984005743
2013/5/29,0.980956139
2013/5/30,0.983535045
2013/5/31,0.975925074
2013/6/3,0.975080693
2013/6/4,0.974781693
2013/6/5,0.972259953
2013/6/6,0.9719369
2013/6/7,0.963514356
2013/6/10,0.957519971
2013/6/11,0.949733682
2013/6/12,0.948245606
2013/6/13,0.949340692
2013/6/14,0.956165489
2013/6/17,0.954275894
2013/6/18,0.950599115
2013/6/19,0.943182761
2013/6/20,0.908199424
2013/6/21,0.903984639
2013/6/24,0.895955766
2013/6/25,0.89446678
2013/6/26,0.896165025
2013/6/27,0.905008464
2013/6/28,0.906891637
2013/7/1,0.917116501
2013/7/2,0.916869058
2013/7/3,0.907433936
2013/7/5,0.89458457
2013/7/8,0.896557204
2013/7/9,0.90298567
2013/7/10,0.902516139
2013/7/11,0.922542401
2013/7/12,0.92119931
2013/7/15,0.92662071
2013/7/16,0.929242772
2013/7/17,0.933807175
2013/7/18,0.928475103
2013/7/19,0.930891803
2013/7/22,0.938467986
2013/7/23,0.943616603
2013/7/24,0.938899186
2013/7/25,0.935339744
2013/7/26,0.938193001
2013/7/29,0.933001817
2013/7/30,0.93139872
2013/7/31,0.927682184
2013/8/1,0.924339059
2013/8/2,0.92744341
2013/8/5,0.925199718
2013/8/6,0.917113406
2013/8/7,0.916456914
2013/8/8,0.923230997
2013/8/9,0.927627438
2013/8/12,0.933931117
2013/8/13,0.929716187
2013/8/14,0.930255002
2013/8/15,0.925014971
2013/8/16,0.926552609
2013/8/19,0.918226391
2013/8/20,0.918662267
2013/8/21,0.912741316
2013/8/22,0.914152135
2013/8/23,0.922944317
2013/8/26,0.9235435
2013/8/27,0.927443165
2013/8/28,0.922633145
2013/8/29,0.927470397
2013/8/30,0.929320831
2013/9/3,0.926748248
2013/9/4,0.926272674
2013/9/5,0.925070312
2013/9/6,0.930055683
2013/9/9,0.940249579
2013/9/10,0.938996466
2013/9/11,0.942002864
2013/9/12,0.935792918
2013/9/13,0.933128661
2013/9/16,0.939307672
2013/9/17,0.938983445
2013/9/18,0.943262416
2013/9/19,0.959629617
2013/9/20,0.9543944
2013/9/23,0.951575812
2013/9/24,0.951022124
2013/9/25,0.952845244
2013/9/26,0.951577236
2013/9/27,0.952078147
2013/9/30,0.944239896
2013/10/1,0.94086676
2013/10/2,0.944847978
2013/10/3,0.948376643
2013/10/4,0.947028875
2013/10/7,0.949903263
2013/10/8,0.952034491
2013/10/9,0.945227995
2013/10/10,0.947932146
2013/10/11,0.946398313
2013/10/14,0.949773426
2013/10/15,0.947509427
2013/10/16,0.952272886
2013/10/17,0.965902174
2013/10/18,0.96832787
2013/10/21,0.967164724
2013/10/22,0.974914072
2013/10/23,0.972100916
2013/10/24,0.972224489
2013/10/25,0.973024778
2013/10/28,0.976985834
2013/10/29,0.974611571
2013/10/30,0.976629991
2013/10/31,0.967943351
2013/11/1,0.959950181
2013/11/4,0.962678082
2013/11/5,0.952369611
2013/11/6,0.954076221
2013/11/7,0.951061099
2013/11/8,0.935753191
2013/11/11,0.934383674
2013/11/12,0.932839078
2013/11/13,0.928928702
2013/11/14,0.937576348
2013/11/15,0.942694314
2013/11/18,0.950392293
2013/11/19,0.94654723
2013/11/20,0.936427875
2013/11/21,0.929381783
2013/11/22,0.934043613
2013/11/25,0.933992231
2013/11/26,0.935076972
2013/11/27,0.935381296
2013/11/29,0.939582354
2013/12/2,0.931132041
2013/12/3,0.926125185
2013/12/4,0.922714055
2013/12/5,0.922435927
2013/12/6,0.926102739
2013/12/9,0.932127362
2013/12/10,0.940013236
2013/12/11,0.931952891
2013/12/12,0.920505377
2013/12/13,0.922723757
2013/12/16,0.922547352
2013/12/17,0.923518941
2013/12/18,0.923247443
2013/12/19,0.915967027
2013/12/20,0.918749919
2013/12/23,0.920315932
2013/12/24,0.918815444
2013/12/26,0.917311481
2013/12/27,0.920782224
2013/12/30,0.922412021
2013/12/31,0.92087246
2014/1/2,0.919477366
2014/1/3,0.919427561
2014/1/6,0.919193385
2014/1/7,0.920457355
2014/1/8,0.920518161
2014/1/9,0.920160798
2014/1/10,0.924146901
2014/1/13,0.923969373
2014/1/14,0.925686374
2014/1/15,0.92669151
2014/1/16,0.927026392
2014/1/17,0.927030959
2014/1/21,0.927394171
2014/1/22,0.929068228
2014/1/23,0.92751154
2014/1/24,0.919916228
2014/1/27,0.914951475
2014/1/28,0.91670666
2014/1/29,0.916066062
2014/1/30,0.917521189
2014/1/31,0.917110685
2014/2/3,0.911059425
2014/2/4,0.910178953
2014/2/5,0.909621211
2014/2/6,0.914376332
2014/2/7,0.918389497
2014/2/10,0.920265287
2014/2/11,0.924176435
2014/2/12,0.927094621
2014/2/13,0.928209663
2014/2/14,0.931969378
2014/2/18,0.934234863
2014/2/19,0.933877834
2014/2/20,0.934135326
2014/2/21,0.936582605
2014/2/24,0.93875915
2014/2/25,0.939518033
2014/2/26,0.940973116
2014/2/27,0.94318307
2014/2/28,0.94417863
2014/3/3,0.942264974
2014/3/4,0.944808158
2014/3/5,0.944876458
2014/3/6,0.946263385
2014/3/7,0.944126487
2014/3/10,0.941849893
2014/3/11,0.941210411
2014/3/12,0.94092632
2014/3/13,0.939726102
2014/3/14,0.939480125
2014/3/17,0.941485677
2014/3/18,0.943992653
2014/3/19,0.942038312
2014/3/20,0.939637269
2014/3/21,0.941320649
2014/3/24,0.940641225
2014/3/25,0.941840148
2014/3/26,0.941227177
2014/3/27,0.941537933
2014/3/28,0.943676951
2014/3/31,0.947640125
2014/4/1,0.949350087
2014/4/2,0.950697569
2014/4/3,0.949487817
2014/4/4,0.948677293
2014/4/7,0.946489793
2014/4/8,0.949096493
2014/4/9,0.950825589
2014/4/10,0.950111315
2014/4/11,0.946271627
2014/4/14,0.947262181
2014/4/15,0.945681273
2014/4/16,0.948154326
2014/4/17,0.948759392
2014/4/21,0.949678691
2014/4/22,0.95024853
2014/4/23,0.949819482
2014/4/24,0.950525266
2014/4/25,0.947821983
2014/4/28,0.947174698
2014/4/29,0.948654478
2014/4/30,0.949172262
2014/5/1,0.949529111
2014/5/2,0.951470175
2014/5/5,0.95121443
2014/5/6,0.952201249
2014/5/7,0.952607309
2014/5/8,0.952232424
2014/5/9,0.952699563
2014/5/12,0.957087813
2014/5/13,0.957877266
2014/5/14,0.959237073
2014/5/15,0.957216247
2014/5/16,0.957823616
2014/5/19,0.959828889
2014/5/20,0.957440433
2014/5/21,0.957800291
2014/5/22,0.960162054
2014/5/23,0.96131959
2014/5/27,0.961208542
2014/5/28,0.961605582
2014/5/29,0.962327086
2014/5/30,0.960830458
2014/6/2,0.960939068
2014/6/3,0.961031415
2014/6/4,0.9614291
2014/6/5,0.964650228
2014/6/6,0.967418635
2014/6/9,0.969309279
2014/6/10,0.970593664
2014/6/11,0.970012504
2014/6/12,0.969942571
2014/6/13,0.970368773
2014/6/16,0.97053046
2014/6/17,0.971055106
2014/6/18,0.972332494
2014/6/19,0.97508311
2014/6/20,0.976285176
2014/6/23,0.976410479
2014/6/24,0.976771617
2014/6/25,0.976678613
2014/6/26,0.97701311
2014/6/27,0.977780862
2014/6/30,0.979257824
2014/7/1,0.980988412
2014/7/2,0.980695868
2014/7/3,0.981244272
2014/7/7,0.980453059
2014/7/8,0.980120936
2014/7/9,0.979795382
2014/7/10,0.978710272
2014/7/11,0.977727028
2014/7/14,0.977895929
2014/7/15,0.97724733
2014/7/16,0.976182021
2014/7/17,0.973211962
2014/7/18,0.974224439
2014/7/21,0.974085181
2014/7/22,0.976784886
2014/7/23,0.977614944
2014/7/24,0.977568558
2014/7/25,0.976373539
2014/7/28,0.97646651
2014/7/29,0.975200316
2014/7/30,0.97319857
2014/7/31,0.964224906
2014/8/1,0.959294673
2014/8/4,0.962478499
2014/8/5,0.962811626
2014/8/6,0.963062028
2014/8/7,0.963221626
2014/8/8,0.964403175
2014/8/11,0.968776282
2014/8/12,0.969718193
2014/8/13,0.973855652
2014/8/14,0.976284685
2014/8/15,0.976687782
2014/8/18,0.979509834
2014/8/19,0.982182297
2014/8/20,0.982950059
2014/8/21,0.982239322
2014/8/22,0.982348583
2014/8/25,0.983769633
2014/8/26,0.985098911
2014/8/27,0.985861913
2014/8/28,0.985423125
2014/8/29,0.986060316
2014/9/2,0.984895347
2014/9/3,0.985761045
2014/9/4,0.984317076
2014/9/5,0.982544147
2014/9/8,0.981929949
2014/9/9,0.978584699
2014/9/10,0.974853105
2014/9/11,0.97355002
2014/9/12,0.969443778
2014/9/15,0.968134604
2014/9/16,0.968016459
2014/9/17,0.969702871
2014/9/18,0.969692743
2014/9/19,0.969441611
2014/9/22,0.965155744
2014/9/23,0.962073864
2014/9/24,0.960901393
2014/9/25,0.955216649
2014/9/26,0.953435816
2014/9/29,0.950630492
2014/9/30,0.950521155
2014/10/1,0.949262883
2014/10/2,0.948945809
2014/10/3,0.952014592
2014/10/6,0.955254047
2014/10/7,0.953443929
2014/10/8,0.953209063
2014/10/9,0.95048897
2014/10/10,0.941699015
2014/10/13,0.940522031
2014/10/14,0.940819999
2014/10/15,0.937199145
2014/10/16,0.937326445
2014/10/17,0.946851012
2014/10/20,0.950515818
2014/10/21,0.958084293
2014/10/22,0.958078051
2014/10/23,0.958590249
2014/10/24,0.960051041
2014/10/27,0.958674484
2014/10/28,0.963293137
2014/10/29,0.964495312
2014/10/30,0.963789073
2014/10/31,0.965569933
2014/11/3,0.965067019
2014/11/4,0.962518406
2014/11/5,0.960717631
2014/11/6,0.960966381
2014/11/7,0.961484787
2014/11/10,0.963979825
2014/11/11,0.963269982
2014/11/12,0.96439879
2014/11/13,0.962555835
2014/11/14,0.961815404
2014/11/17,0.960765782
2014/11/18,0.961307292
2014/11/19,0.959464699
2014/11/20,0.959433112
2014/11/21,0.96548536
2014/11/24,0.967485137
2014/11/25,0.968328049
2014/11/26,0.96897289
2014/11/28,0.963817337
2014/12/1,0.956636888
2014/12/2,0.9558235
2014/12/3,0.958134524
2014/12/4,0.958732012
2014/12/5,0.957592882
2014/12/8,0.954729262
2014/12/9,0.952351735
2014/12/10,0.946474513
2014/12/11,0.94344423
2014/12/12,0.937459191
2014/12/15,0.931289126
2014/12/16,0.925000908
2014/12/17,0.93227887
2014/12/18,0.946781604
2014/12/19,0.950152041
2014/12/22,0.954285986
2014/12/23,0.952963714
2014/12/24,0.953621981
2014/12/26,0.954713
2014/12/29,0.957737807
2014/12/30,0.957960975
2014/12/31,0.956120392
2015/1/2,0.952717298
2015/1/5,0.956447059
2015/1/6,0.958830091
2015/1/7,0.964119782
2015/1/8,0.967622578
2015/1/9,0.967851593
2015/1/12,0.970549354
2015/1/13,0.972190494
2015/1/14,0.973020303
2015/1/15,0.976529303
2015/1/16,0.98240038
2015/1/20,0.985520185
2015/1/21,0.988213525
2015/1/22,0.993588478
2015/1/23,0.997078524
2015/1/26,0.997862229
2015/1/27,0.996987509
2015/1/28,0.998256822
2015/1/29,0.994513848
2015/1/30,0.990741199
2015/2/2,0.995830516
2015/2/3,0.995319301
2015/2/4,0.994582149
2015/2/5,0.994503994
2015/2/6,0.984362472
2015/2/9,0.981552116
2015/2/10,0.979784985
2015/2/11,0.977621792
2015/2/12,0.981375477
2015/2/13,0.983795387
2015/2/17,0.973170145
2015/2/18,0.976555624
2015/2/19,0.974700679
2015/2/20,0.976376253
2015/2/23,0.980110421
2015/2/24,0.981992153
2015/2/25,0.986056184
2015/2/26,0.984038303
2015/2/27,0.983982133
2015/3/2,0.981141144
2015/3/3,0.977767103
2015/3/4,0.972646261
2015/3/5,0.973609472
2015/3/6,0.957666543
2015/3/9,0.958664651
2015/3/10,0.95581551
2015/3/11,0.957956661
2015/3/12,0.963055783
2015/3/13,0.959314138
2015/3/16,0.963884641
2015/3/17,0.968467224
2015/3/18,0.976700564
2015/3/19,0.980048115
2015/3/20,0.989321287
2015/3/23,0.989953024
2015/3/24,0.99252644
2015/3/25,0.985576158
2015/3/26,0.979150017
2015/3/27,0.983153891
2015/3/30,0.985474111
2015/3/31,0.986038444
2015/4/1,0.991757375
2015/4/2,0.991429041
2015/4/6,0.9936198
2015/4/7,0.995479726
2015/4/8,0.99847326
2015/4/9,0.9927528
2015/4/10,0.997240418
2015/4/13,0.995812075
2015/4/14,0.996735718
2015/4/15,0.997459664
2015/4/16,1.000561268
2015/4/17,0.998219701
2015/4/20,0.995180493
2015/4/21,0.995147525
2015/4/22,0.991498219
2015/4/23,0.994260399
2015/4/24,0.994238065
2015/4/27,0.995777932
2015/4/28,0.995493
2015/4/29,0.988976281
2015/4/30,0.97806208
2015/5/1,0.975794036
2015/5/4,0.975080869
2015/5/5,0.972876025
2015/5/6,0.967167995
2015/5/7,0.969759287
2015/5/8,0.974093849
2015/5/11,0.967484017
2015/5/12,0.967522262
2015/5/13,0.96894386
2015/5/14,0.975794779
2015/5/15,0.982367619
2015/5/18,0.980035193
2015/5/19,0.976696042
2015/5/20,0.975073027
2015/5/21,0.978052633
2015/5/22,0.976838336
2015/5/26,0.975140252
2015/5/27,0.977913303
2015/5/28,0.975656071
2015/5/29,0.97643035
2015/6/1,0.972671653
2015/6/2,0.967500184
2015/6/3,0.96346936
2015/6/4,0.961334623
2015/6/5,0.955525281
2015/6/8,0.954898719
2015/6/9,0.952044068
2015/6/10,0.955423754
2015/6/11,0.960814028
2015/6/12,0.960871996
2015/6/15,0.958482535
2015/6/16,0.961423362
2015/6/17,0.96087509
2015/6/18,0.965255381
2015/6/19,0.969201896
2015/6/22,0.963613665
2015/6/23,0.960644856
2015/6/24,0.960086648
2015/6/25,0.957921821
2015/6/26,0.952318244
2015/6/29,0.952794973
2015/6/30,0.953615588
2015/7/1,0.949621223
2015/7/2,0.948841144
2015/7/6,0.951628714
2015/7/7,0.952846498
2015/7/8,0.94746737
2015/7/9,0.944847126
2015/7/10,0.94298252
2015/7/13,0.946086482
2015/7/14,0.948684866
2015/7/15,0.94798168
2015/7/16,0.950221513
2015/7/17,0.947522136
2015/7/20,0.940423051
2015/7/21,0.94034366
2015/7/22,0.939205543
2015/7/23,0.941179466
2015/7/24,0.9342059
2015/7/27,0.934889305
2015/7/28,0.93613752
2015/7/29,0.938541485
2015/7/30,0.939715612
2015/7/31,0.944712965
2015/8/3,0.945052497
2015/8/4,0.943127928
2015/8/5,0.940621074
2015/8/6,0.940072446
2015/8/7,0.944648946
2015/8/10,0.946321626
2015/8/11,0.94956321
2015/8/12,0.948196484
2015/8/13,0.946292811
2015/8/14,0.949075921
2015/8/17,0.952966621
2015/8/18,0.945984486
2015/8/19,0.947122627
2015/8/20,0.946335554
2015/8/21,0.938811199
2015/8/24,0.92461936
2015/8/25,0.911244329
2015/8/26,0.911917025
2015/8/27,0.923791272
2015/8/28,0.928725
2015/8/31,0.925123016
2015/9/1,0.915754688
2015/9/2,0.917018654
2015/9/3,0.918464593
2015/9/4,0.914584936
2015/9/8,0.918502111
2015/9/9,0.917179754
2015/9/10,0.914764309
2015/9/11,0.917009163
2015/9/14,0.917411435
2015/9/15,0.914837727
2015/9/16,0.920394443
2015/9/17,0.923721054
2015/9/18,0.929430479
2015/9/21,0.922323747
2015/9/22,0.920855931
2015/9/23,0.919071939
2015/9/24,0.923207222
2015/9/25,0.918953731
2015/9/28,0.9125067
2015/9/29,0.912729637
2015/9/30,0.914188418
2015/10/1,0.916635684
2015/10/2,0.927362587
2015/10/5,0.931700095
2015/10/6,0.934161281
2015/10/7,0.939658513
2015/10/8,0.938724531
2015/10/9,0.943640073
2015/10/12,0.946664395
2015/10/13,0.944351695
2015/10/14,0.946640634
2015/10/15,0.952266748
2015/10/16,0.952394186
2015/10/19,0.951516012
2015/10/20,0.949301532
2015/10/21,0.946324085
2015/10/22,0.948928037
2015/10/23,0.948457281
2015/10/26,0.950477581
2015/10/27,0.948016304
2015/10/28,0.955558093
2015/10/29,0.941218994
2015/10/30,0.941903987
2015/11/2,0.944037786
2015/11/3,0.941257022
2015/11/4,0.940395172
2015/11/5,0.937381239
2015/11/6,0.928267237
2015/11/9,0.923866745
2015/11/10,0.924443081
2015/11/11,0.922523157
2015/11/12,0.91677639
2015/11/13,0.912797892
2015/11/16,0.915558292
2015/11/17,0.916209383
2015/11/18,0.919247826
2015/11/19,0.925535918
2015/11/20,0.926652322
2015/11/23,0.925935166
2015/11/24,0.92860514
2015/11/25,0.928380216
2015/11/27,0.925886716
2015/11/30,0.924443903
2015/12/1,0.932961699
2015/12/2,0.927787542
2015/12/3,0.913494413
2015/12/4,0.924218613
2015/12/7,0.923533526
2015/12/8,0.917799855
2015/12/9,0.916751226
2015/12/10,0.914244433
2015/12/11,0.913130481
2015/12/14,0.906426344
2015/12/15,0.907785966
2015/12/16,0.914350733
2015/12/17,0.910557587
2015/12/18,0.909396623
2015/12/21,0.913796575
2015/12/22,0.914084272
2015/12/23,0.916148021
2015/12/24,0.918158647
2015/12/28,0.918660254
2015/12/29,0.916101567
2015/12/30,0.910763769
2015/12/31,0.909662853
2016/1/4,0.910062797
2016/1/5,0.910277329
2016/1/6,0.912903346
2016/1/7,0.909863602
2016/1/8,0.908001173
2016/1/11,0.904977608
2016/1/12,0.905478441
2016/1/13,0.901044366
2016/1/14,0.899081597
2016/1/15,0.89551499
2016/1/19,0.893742193
2016/1/20,0.890760177
2016/1/21,0.891163487
2016/1/22,0.898473315
2016/1/25,0.898566784
2016/1/26,0.904090316
2016/1/27,0.903423697
2016/1/28,0.904157876
2016/1/29,0.911497086
2016/2/1,0.91195838
2016/2/2,0.909942048
2016/2/3,0.909437499
2016/2/4,0.914725225
2016/2/5,0.909679293
2016/2/8,0.911102535
2016/2/9,0.908058373
2016/2/10,0.910909786
2016/2/11,0.911123591
2016/2/12,0.913988618
2016/2/16,0.915555407
2016/2/17,0.92024693
2016/2/18,0.923590659
2016/2/19,0.925701984
2016/2/22,0.927300561
2016/2/23,0.927978913
2016/2/24,0.931453251
2016/2/25,0.935087149
2016/2/26,0.935986077
2016/2/29,0.939159371
2016/3/1,0.943059782
2016/3/2,0.94793218
2016/3/3,0.953253267
2016/3/4,0.958543761
2016/3/7,0.959361411
2016/3/8,0.957397948
2016/3/9,0.953215614
2016/3/10,0.955702701
2016/3/11,0.961032672
2016/3/14,0.959479112
2016/3/15,0.955597073
2016/3/16,0.95578805
2016/3/17,0.966562895
2016/3/18,0.968829357
2016/3/21,0.966580341
2016/3/22,0.967416215
2016/3/23,0.962521422
2016/3/24,0.959728739
2016/3/28,0.960768036
2016/3/29,0.96449978
2016/3/30,0.966406603
2016/3/31,0.969360299
2016/4/1,0.967110961
2016/4/4,0.967530381
2016/4/5,0.968171218
2016/4/6,0.968974384
2016/4/7,0.971278816
2016/4/8,0.971880899
2016/4/11,0.974453478
2016/4/12,0.976057588
2016/4/13,0.981621299
2016/4/14,0.97991279
2016/4/15,0.980414618
2016/4/18,0.981288165
2016/4/19,0.987013244
2016/4/20,0.985788417
2016/4/21,0.983291086
2016/4/22,0.983221382
2016/4/25,0.980779094
2016/4/26,0.982138733
2016/4/27,0.986976217
2016/4/28,0.987980498
2016/4/29,0.991144289
2016/5/2,0.990776584
2016/5/3,0.990066106
2016/5/4,0.987389774
2016/5/5,0.987846718
2016/5/6,0.987481288
2016/5/9,0.985066257
2016/5/10,0.988106011
2016/5/11,0.990549414
2016/5/12,0.989677234
2016/5/13,0.988004534
2016/5/16,0.991463678
2016/5/17,0.989415875
2016/5/18,0.984621032
2016/5/19,0.98040986
2016/5/20,0.984983696
2016/5/23,0.9843797
2016/5/24,0.987087449
2016/5/25,0.986545974
2016/5/26,0.988922529
2016/5/27,0.988878698
2016/5/31,0.989362578
2016/6/1,0.989336042
2016/6/2,0.992003115
2016/6/3,0.998415513
2016/6/6,1.001001037
2016/6/7,1.003330234
2016/6/8,1.009389129
2016/6/9,1.009861434
2016/6/10,1.008232818
2016/6/13,1.006869747
2016/6/14,1.004349479
2016/6/15,1.005389568
2016/6/16,1.007873861
2016/6/17,1.005559429
2016/6/20,1.007955221
2016/6/21,1.005804121
2016/6/22,1.005226516
2016/6/23,1.007388079
2016/6/24,1.008432078
2016/6/27,1.00644297
2016/6/28,1.008666412
2016/6/29,1.016644459
2016/6/30,1.020484196
2016/7/1,1.027491981
2016/7/5,1.030944265
2016/7/6,1.033373571
2016/7/7,1.034902034
2016/7/8,1.04140575
2016/7/11,1.043954605
2016/7/12,1.043613931
2016/7/13,1.044039444
2016/7/14,1.040332712
2016/7/15,1.038562566
2016/7/18,1.039440275
2016/7/19,1.039951899
2016/7/20,1.038520441
2016/7/21,1.038531423
2016/7/22,1.040453284
2016/7/25,1.038786069
2016/7/26,1.040377972
2016/7/27,1.042026121
2016/7/28,1.043810216
2016/7/29,1.045734426
2016/8/1,1.043972146
2016/8/2,1.040707909
2016/8/3,1.041228181
2016/8/4,1.045178373
2016/8/5,1.04345604
2016/8/8,1.044532233
2016/8/9,1.048603873
2016/8/10,1.050401871
2016/8/11,1.049522285
2016/8/12,1.051424416
2016/8/15,1.050396671
2016/8/16,1.049095335
2016/8/17,1.049540164
2016/8/18,1.05283387
2016/8/19,1.051398553
2016/8/22,1.052267589
2016/8/23,1.05448557
2016/8/24,1.051325679
2016/8/25,1.050117742
2016/8/26,1.047734282
2016/8/29,1.052291983
2016/8/30,1.051817121
2016/8/31,1.05008993
2016/9/1,1.049574036
2016/9/2,1.052133426
2016/9/6,1.055897291
2016/9/7,1.058418286
2016/9/8,1.053810074
2016/9/9,1.042297095
2016/9/12,1.042421901
2016/9/13,1.034954523
2016/9/14,1.034965433
2016/9/15,1.034656882
2016/9/16,1.033747743
2016/9/19,1.036780013
2016/9/20,1.036613719
2016/9/21,1.041932421
2016/9/22,1.05015181
2016/9/23,1.049579083
2016/9/26,1.048799525
2016/9/27,1.048760668
2016/9/28,1.050209846
2016/9/29,1.049359707
2016/9/30,1.04969539
2016/10/3,1.047876976
2016/10/4,1.041021261
2016/10/5,1.039490892
2016/10/6,1.03724594
2016/10/7,1.036594876
2016/10/10,1.038285797
2016/10/11,1.033764134
2016/10/12,1.034109245
2016/10/13,1.034653495
2016/10/14,1.031425053
2016/10/17,1.033135398
2016/10/18,1.035840665
2016/10/19,1.039172569
2016/10/20,1.039782708
2016/10/21,1.039063272
2016/10/24,1.039433384
2016/10/25,1.038924691
2016/10/26,1.035772262
2016/10/27,1.030251188
2016/10/28,1.029366156
2016/10/31,1.030018933
2016/11/1,1.028689045
2016/11/2,1.02804417
2016/11/3,1.026496466
2016/11/4,1.027649641
2016/11/7,1.030195267
2016/11/8,1.029544885
2016/11/9,1.022867387
2016/11/10,1.019016368
2016/11/11,1.016803218
2016/11/14,1.009666357
2016/11/15,1.014700945
2016/11/16,1.016784511
2016/11/17,1.016107748
2016/11/18,1.012152423
2016/11/21,1.014590878
2016/11/22,1.017197659
2016/11/23,1.013874594
2016/11/25,1.014852894
2016/11/28,1.015615673
2016/11/29,1.016683702
2016/11/30,1.013466643
2016/12/1,1.007911095
2016/12/2,1.011397059
2016/12/5,1.012979987
2016/12/6,1.016554816
2016/12/7,1.022973075
2016/12/8,1.022611707
2016/12/9,1.019594072
2016/12/12,1.018096171
2016/12/13,1.019760325
2016/12/14,1.017792352
2016/12/15,1.011272243
2016/12/16,1.010301048
2016/12/19,1.014632826
2016/12/20,1.013308685
2016/12/21,1.015066992
2016/12/22,1.013858918
2016/12/23,1.015372611
2016/12/27,1.015608703
2016/12/28,1.016699416
2016/12/29,1.019421574
2016/12/30,1.020115909
2017/1/3,1.023422108
2017/1/4,1.029898099
2017/1/5,1.033488881
2017/1/6,1.032057219
2017/1/9,1.032138157
2017/1/10,1.034485637
2017/1/11,1.0348695
2017/1/12,1.034987906
2017/1/13,1.035024049
2017/1/17,1.036833066
2017/1/18,1.035197229
2017/1/19,1.029907717
2017/1/20,1.030539123
2017/1/23,1.032774451
2017/1/24,1.034314032
2017/1/25,1.034029251
2017/1/26,1.033973201
2017/1/27,1.034175125
2017/1/30,1.031875065
2017/1/31,1.034718197
2017/2/1,1.033064243
2017/2/2,1.03514882
2017/2/3,1.037698584
2017/2/6,1.040628403
2017/2/7,1.041756178
2017/2/8,1.044285968
2017/2/9,1.044101844
2017/2/10,1.044739016
2017/2/13,1.044897714
2017/2/14,1.045010318
2017/2/15,1.044230755
2017/2/16,1.046741528
2017/2/17,1.047686852
2017/2/21,1.050474385
2017/2/22,1.050669812
2017/2/23,1.051514731
2017/2/24,1.055085324
2017/2/27,1.056242797
2017/2/28,1.054645353
2017/3/1,1.054976386
2017/3/2,1.051684977
2017/3/3,1.05038069
2017/3/6,1.047643618
2017/3/7,1.043161249
2017/3/8,1.037987164
2017/3/9,1.032923138
2017/3/10,1.034209962
2017/3/13,1.033000679
2017/3/14,1.03067749
2017/3/15,1.037954959
2017/3/16,1.041612582
2017/3/17,1.043116658
2017/3/20,1.042343383
2017/3/21,1.039091832
2017/3/22,1.039943819
2017/3/23,1.04061844
2017/3/24,1.042194102
2017/3/27,1.043128022
2017/3/28,1.045034063
2017/3/29,1.048224894
2017/3/30,1.049816485
2017/3/31,1.050662868
2017/4/3,1.050931499
2017/4/4,1.050955923
2017/4/5,1.048908144
2017/4/6,1.051846128
2017/4/7,1.052449886
2017/4/10,1.05309484
2017/4/11,1.056649779
2017/4/12,1.054988372
2017/4/13,1.054662378
2017/4/17,1.056451245
2017/4/18,1.05861082
2017/4/19,1.058842012
2017/4/20,1.060487769
2017/4/21,1.060303235
2017/4/24,1.06251868
2017/4/25,1.062466035
2017/4/26,1.063362195
2017/4/27,1.063831832
2017/4/28,1.06273131
2017/5/1,1.061479191
2017/5/2,1.0622511
2017/5/3,1.061812331
2017/5/4,1.056847612
2017/5/5,1.058926797
2017/5/8,1.057466737
2017/5/9,1.055937751
2017/5/10,1.057911329
2017/5/11,1.057012744
2017/5/12,1.058241211
2017/5/15,1.060507347
2017/5/16,1.061366104
2017/5/17,1.061348908
2017/5/18,1.06068753
2017/5/19,1.064108059
2017/5/22,1.066342675
2017/5/23,1.066202539
2017/5/24,1.067195275
2017/5/25,1.068857357
2017/5/26,1.068992021
2017/5/30,1.069733185
2017/5/31,1.071278836
2017/6/1,1.074910943
2017/6/2,1.078972186
2017/6/5,1.077433418
2017/6/6,1.078528216
2017/6/7,1.076819952
2017/6/8,1.076388925
2017/6/9,1.077246134
2017/6/12,1.077219419
2017/6/13,1.079465798
2017/6/14,1.082755209
2017/6/15,1.079520034
2017/6/16,1.079442084
2017/6/19,1.080809761
2017/6/20,1.078997185
2017/6/21,1.076805357
2017/6/22,1.077076895
2017/6/23,1.079106338
2017/6/26,1.080890014
2017/6/27,1.077674825
2017/6/28,1.079274992
2017/6/29,1.075960922
2017/6/30,1.075334602
2017/7/3,1.075508018
2017/7/5,1.074617981
2017/7/6,1.069198009
2017/7/7,1.068542211
2017/7/10,1.068510298
2017/7/11,1.068949567
2017/7/12,1.073770005
2017/7/13,1.073544476
2017/7/14,1.076598621
2017/7/17,1.079088844
2017/7/18,1.081238799
2017/7/19,1.084822204
2017/7/20,1.085450677
2017/7/21,1.086865701
2017/7/24,1.08663142
2017/7/25,1.085769129
2017/7/26,1.08451958
2017/7/27,1.083053375
2017/7/28,1.083479287
2017/7/31,1.08329441
2017/8/1,1.086360192
2017/8/2,1.08505125
2017/8/3,1.085430209
2017/8/4,1.083586973
2017/8/7,1.084172999
2017/8/8,1.082151497
2017/8/9,1.080925413
2017/8/10,1.077568592
2017/8/11,1.077769709
2017/8/14,1.08081497
2017/8/15,1.077264932
2017/8/16,1.0797429
2017/8/17,1.076932236
2017/8/18,1.076553417
2017/8/21,1.077090132
2017/8/22,1.07795211
2017/8/23,1.079444314
2017/8/24,1.07920546
2017/8/25,1.081365084
2017/8/28,1.081856741
2017/8/29,1.083996924
2017/8/30,1.085349542
2017/8/31,1.089590948
2017/9/1,1.089787754
2017/9/5,1.09156488
2017/9/6,1.090834717
2017/9/7,1.092560136
2017/9/8,1.092955916
2017/9/11,1.093018968
2017/9/12,1.093033676
2017/9/13,1.092030656
2017/9/14,1.092526543
2017/9/15,1.093810807
2017/9/18,1.093512156
2017/9/19,1.093231522
2017/9/20,1.094046449
2017/9/21,1.09264793
2017/9/22,1.094084186
2017/9/25,1.096482482
2017/9/26,1.097149951
2017/9/27,1.094358698
2017/9/28,1.095148764
2017/9/29,1.096379712
2017/10/2,1.097841398
2017/10/3,1.098224064
2017/10/4,1.09820557
2017/10/5,1.09870434
2017/10/6,1.097121962
2017/10/9,1.09773922
2017/10/10,1.100584491
2017/10/11,1.100906795
2017/10/12,1.101547289
2017/10/13,1.103616949
2017/10/16,1.103882408
2017/10/17,1.103653747
2017/10/18,1.10246006
2017/10/19,1.104295977
2017/10/20,1.102877445
2017/10/23,1.101883066
2017/10/24,1.101554882
2017/10/25,1.097637088
2017/10/26,1.098424723
2017/10/27,1.099934163
2017/10/30,1.101013946
2017/10/31,1.102644025
2017/11/1,1.103058978
2017/11/2,1.104283425
2017/11/3,1.104397259
2017/11/6,1.106743823
2017/11/7,1.106030922
2017/11/8,1.104686553
2017/11/9,1.100368389
2017/11/10,1.097188379
2017/11/13,1.097491229
2017/11/14,1.096808922
2017/11/15,1.096858955
2017/11/16,1.101266861
2017/11/17,1.103010606
2017/11/20,1.104692709
2017/11/21,1.108000152
2017/11/22,1.109371304
2017/11/24,1.109485445
2017/11/27,1.109529443
2017/11/28,1.112473487
2017/11/29,1.111305
2017/11/30,1.112012381
2017/12/1,1.114398941
2017/12/4,1.114426476
2017/12/5,1.113743298
2017/12/6,1.112562285
2017/12/7,1.110921122
2017/12/8,1.111777051
2017/12/11,1.111786012
2017/12/12,1.110736156
2017/12/13,1.112804945
2017/12/14,1.11191238
2017/12/15,1.115246384
2017/12/18,1.115945136
2017/12/19,1.11126246
2017/12/20,1.109671516
2017/12/21,1.112212484
2017/12/22,1.111890749
2017/12/26,1.113609085
2017/12/27,1.117643504
2017/12/28,1.119097239
2017/12/29,1.118596886
2018/1/2,1.120402774
2018/1/3,1.124259975
2018/1/4,1.126388289
2018/1/5,1.127778092
2018/1/8,1.130539401
2018/1/9,1.125949786
2018/1/10,1.12235095
2018/1/11,1.131443706
2018/1/12,1.133470838
2018/1/16,1.130924574
2018/1/17,1.133773514
2018/1/18,1.129381781
2018/1/19,1.133656304
2018/1/22,1.135889696
2018/1/23,1.138788711
2018/1/24,1.135536406
2018/1/25,1.138279163
2018/1/26,1.13898976
2018/1/29,1.132755103
2018/1/30,1.124560307
2018/1/31,1.125735937
2018/2/1,1.123173099
2018/2/2,1.106793433
2018/2/5,1.089246375
2018/2/6,1.093279093
2018/2/7,1.0904264
2018/2/8,1.071274197
2018/2/9,1.074299169
2018/2/12,1.08065064
2018/2/13,1.081575771
2018/2/14,1.08865603
2018/2/15,1.097018108
2018/2/16,1.099863608
2018/2/20,1.095920746
2018/2/21,1.091633979
2018/2/22,1.09130327
2018/2/23,1.099681267
2018/2/26,1.103851237
2018/2/27,1.095379671
2018/2/28,1.091381271
2018/3/1,1.091109321
2018/3/2,1.093750769
2018/3/5,1.098590266
2018/3/6,1.105269246
2018/3/7,1.105251422
2018/3/8,1.105614272
2018/3/9,1.113140357
2018/3/12,1.115344275
2018/3/13,1.113633042
2018/3/14,1.112621563
2018/3/15,1.110308505
2018/3/16,1.113112201
2018/3/19,1.107984537
2018/3/20,1.106582964
2018/3/21,1.107473968
2018/3/22,1.097062475
2018/3/23,1.086549183
2018/3/26,1.097800359
2018/3/27,1.092568159
2018/3/28,1.09391394
2018/3/29,1.103215935
2018/4/2,1.091078048
2018/4/3,1.095864924
2018/4/4,1.100094252
2018/4/5,1.10314317
2018/4/6,1.095875718
2018/4/9,1.096566386
2018/4/10,1.105802883
2018/4/11,1.10595914
2018/4/12,1.10713225
2018/4/13,1.10638028
2018/4/16,1.11235383
2018/4/17,1.118500433
2018/4/18,1.117783937
2018/4/19,1.111239786
2018/4/20,1.105529175
2018/4/23,1.104944069
2018/4/24,1.099322788
2018/4/25,1.096901007
2018/4/26,1.101047667
2018/4/27,1.102940474
2018/4/30,1.099115888
2018/5/1,1.098849849
2018/5/2,1.098364638
2018/5/3,1.097890986
2018/5/4,1.105278704
2018/5/7,1.108438781
2018/5/8,1.109779832
2018/5/9,1.111228836
2018/5/10,1.117012545
2018/5/11,1.117858166
2018/5/14,1.116316845
2018/5/15,1.110641466
2018/5/16,1.113710433
2018/5/17,1.113557557
2018/5/18,1.11405578
2018/5/21,1.119581071
2018/5/22,1.116006709
2018/5/23,1.118227537
2018/5/24,1.120493242
2018/5/25,1.121020852
2018/5/29,1.124749577
2018/5/30,1.13079139
2018/5/31,1.126935249
2018/6/1,1.127443107
2018/6/4,1.12880152
2018/6/5,1.131264326
2018/6/6,1.133100627
2018/6/7,1.136447834
2018/6/8,1.139023821
2018/6/11,1.138722829
2018/6/12,1.140069569
2018/6/13,1.136647482
2018/6/14,1.140221868
2018/6/15,1.140347878
2018/6/18,1.140718263
2018/6/19,1.14079382
2018/6/20,1.142381441
2018/6/21,1.139424454
2018/6/22,1.140094345
2018/6/25,1.132936892
2018/6/26,1.13358598
2018/6/27,1.130156602
2018/6/28,1.13075198
2018/6/29,1.131195747
2018/7/2,1.130466411
2018/7/3,1.133073983
2018/7/5,1.138564241
2018/7/6,1.143464102
2018/7/9,1.148514257
2018/7/10,1.148605927
2018/7/11,1.145152443
2018/7/12,1.146982886
2018/7/13,1.148040989
2018/7/16,1.143501502
2018/7/17,1.145847393
2018/7/18,1.146925139
2018/7/19,1.150186447
2018/7/20,1.144354247
2018/7/23,1.140926437
2018/7/24,1.138454787
2018/7/25,1.140755087
2018/7/26,1.141692679
2018/7/27,1.13653533
2018/7/30,1.13370016
2018/7/31,1.140148197
2018/8/1,1.136315933
2018/8/2,1.141353143
2018/8/3,1.144541267
2018/8/6,1.148073801
2018/8/7,1.148428613
2018/8/8,1.147041228
2018/8/9,1.148410579
2018/8/10,1.148105146
2018/8/13,1.14367609
2018/8/14,1.148014961
2018/8/15,1.144444361
2018/8/16,1.148901769
2018/8/17,1.151888221
2018/8/20,1.156876119
2018/8/21,1.160690802
2018/8/22,1.161872327
2018/8/23,1.160534969
2018/8/24,1.16285018
2018/8/27,1.164543929
2018/8/28,1.162740493
2018/8/29,1.165116974
2018/8/30,1.1630155
2018/8/31,1.164212109
2018/9/4,1.160186964
2018/9/5,1.159231838
2018/9/6,1.158400241
2018/9/7,1.154574651
2018/9/10,1.15687428
2018/9/11,1.156049408
2018/9/12,1.157933964
2018/9/13,1.159635209
2018/9/14,1.16032704
2018/9/17,1.15536817
2018/9/18,1.155056382
2018/9/19,1.151204275
2018/9/20,1.156234397
2018/9/21,1.155732527
2018/9/24,1.152951455
2018/9/25,1.151381044
2018/9/26,1.148738217
2018/9/27,1.149682849
2018/9/28,1.151245742
2018/10/1,1.146362237
2018/10/2,1.145804679
2018/10/3,1.142345805
2018/10/4,1.133183173
2018/10/5,1.126837807
2018/10/8,1.126981152
2018/10/9,1.124331646
2018/10/10,1.107747866
2018/10/11,1.101792682
2018/10/12,1.10333154
2018/10/15,1.104652778
2018/10/16,1.11666846
2018/10/17,1.114398255
2018/10/18,1.105438227
2018/10/19,1.100572246
2018/10/22,1.098248879
2018/10/23,1.09290637
2018/10/24,1.078650413
2018/10/25,1.085199065
2018/10/26,1.080576669
2018/10/29,1.07831463
2018/10/30,1.085240284
2018/10/31,1.085552488
2018/11/1,1.096779463
2018/11/2,1.094263549
2018/11/5,1.097907277
2018/11/6,1.101605705
2018/11/7,1.110529824
2018/11/8,1.108588287
2018/11/9,1.103635103
2018/11/12,1.095478703
2018/11/13,1.095487612
2018/11/14,1.092052441
2018/11/15,1.09628473
2018/11/16,1.098540898
2018/11/19,1.091553101
2018/11/20,1.082581764
2018/11/21,1.088849006
2018/11/23,1.08764126
2018/11/26,1.094467358
2018/11/27,1.090089613
2018/11/28,1.100650529
2018/11/29,1.101037404
2018/11/30,1.105417869
2018/12/3,1.113130127
2018/12/4,1.09879774
2018/12/6,1.096164358
2018/12/7,1.086374435
2018/12/10,1.083117166
2018/12/11,1.081788518
2018/12/12,1.08586859
2018/12/13,1.08027761
2018/12/14,1.073488559
2018/12/17,1.06294948
2018/12/18,1.063522821
2018/12/19,1.05730161
2018/12/20,1.047126819
2018/12/21,1.035479235
2018/12/24,1.022666026
2018/12/26,1.042534431
2018/12/27,1.046414763
2018/12/28,1.047032839
2018/12/31,1.053834449
2019/1/2,1.052703275
2019/1/3,1.052335259
2019/1/4,1.068514748
2019/1/7,1.077258193
2019/1/8,1.08527622
2019/1/9,1.090622479
2019/1/10,1.091899333
2019/1/11,1.092787768
2019/1/14,1.090508702
2019/1/15,1.093110862
2019/1/16,1.097714377
2019/1/17,1.099602265
2019/1/18,1.104710258
2019/1/22,1.100501276
2019/1/23,1.099673574
2019/1/24,1.100293194
2019/1/25,1.10486386
2019/1/28,1.104221268
2019/1/29,1.106022014
2019/1/30,1.109439288
2019/1/31,1.115345988
2019/2/1,1.116349286
2019/2/4,1.118926067
2019/2/5,1.123443327
2019/2/6,1.123806595
2019/2/7,1.120396978
2019/2/8,1.119211561
2019/2/11,1.120845892
2019/2/12,1.12499472
2019/2/13,1.126418896
2019/2/14,1.126601346
2019/2/15,1.130231248
2019/2/19,1.131040201
2019/2/20,1.132264713
2019/2/21,1.131915609
2019/2/22,1.134219411
2019/2/25,1.135298857
2019/2/26,1.135120314
2019/2/27,1.136148349
2019/2/28,1.13599481
2019/3/1,1.137553683
2019/3/4,1.137107941
2019/3/5,1.136163589
2019/3/6,1.132929031
2019/3/7,1.130389474
2019/3/8,1.127531831
2019/3/11,1.132286481
2019/3/12,1.134949831
2019/3/13,1.138470402
2019/3/14,1.139203238
2019/3/15,1.139703122
2019/3/18,1.140766939
2019/3/19,1.140840681
2019/3/20,1.140365556
2019/3/21,1.145572126
2019/3/22,1.140272599
2019/3/25,1.139718466
2019/3/26,1.142962789
2019/3/27,1.142946423
2019/3/28,1.145214655
2019/3/29,1.147547649
2019/4/1,1.15161336
2019/4/2,1.151814277
2019/4/3,1.153570241
2019/4/4,1.154292149
2019/4/5,1.157194478
2019/4/8,1.15767027
2019/4/9,1.155901238
2019/4/10,1.158429464
2019/4/11,1.160456708
2019/4/12,1.163813689
2019/4/15,1.163343212
2019/4/16,1.162100557
2019/4/17,1.159583004
2019/4/18,1.159967089
2019/4/22,1.158751128
2019/4/23,1.162090456
2019/4/24,1.163817028
2019/4/25,1.161653754
2019/4/26,1.163680485
2019/4/29,1.163795198
2019/4/30,1.164753909
2019/5/1,1.163832308
2019/5/2,1.162380378
2019/5/3,1.166017973
2019/5/6,1.16466889
2019/5/7,1.159111217
2019/5/8,1.158666852
2019/5/9,1.156098621
2019/5/10,1.156753
2019/5/13,1.148939494
2019/5/14,1.152146423
2019/5/15,1.152071082
2019/5/16,1.155890003
2019/5/17,1.154037946
2019/5/20,1.151992004
2019/5/21,1.15580464
2019/5/22,1.154610523
2019/5/23,1.149433923
2019/5/24,1.151316152
2019/5/28,1.149470013
2019/5/29,1.144285097
2019/5/30,1.145481307
2019/5/31,1.141224892
2019/6/3,1.14209562
2019/6/4,1.14913977
2019/6/5,1.152970746
2019/6/6,1.154879185
2019/6/7,1.159387085
2019/6/10,1.162962618
2019/6/11,1.164355105
2019/6/12,1.163287517
2019/6/13,1.164875482
2019/6/14,1.163623911
2019/6/17,1.164882028
2019/6/18,1.169436004
2019/6/19,1.171611952
2019/6/20,1.17983222
2019/6/21,1.177690785
2019/6/24,1.176456519
2019/6/25,1.172504404
2019/6/26,1.170475256
2019/6/27,1.172890871
2019/6/28,1.175981407
2019/7/1,1.178758821
2019/7/2,1.179313846
2019/7/3,1.182565175
2019/7/5,1.181798664
2019/7/8,1.180707406
2019/7/9,1.179706297
2019/7/10,1.181451344
2019/7/11,1.179826026
2019/7/12,1.180924796
2019/7/15,1.180972286
2019/7/16,1.180510248
2019/7/17,1.178338616
2019/7/18,1.176779822
2019/7/19,1.175158233
2019/7/22,1.175845193
2019/7/23,1.179589234
2019/7/24,1.182861825
2019/7/25,1.181686374
2019/7/26,1.184360907
2019/7/29,1.184164376
2019/7/30,1.185122484
2019/7/31,1.184685089
2019/8/1,1.18035323
2019/8/2,1.177275884
2019/8/5,1.164465098
2019/8/6,1.169315796
2019/8/7,1.167244191
2019/8/8,1.176640507
2019/8/9,1.174990868
2019/8/12,1.172485714
2019/8/13,1.176054807
2019/8/14,1.166200098
2019/8/15,1.166742477
2019/8/16,1.171789798
2019/8/19,1.176920107
2019/8/20,1.176448103
2019/8/21,1.180857585
2019/8/22,1.182672112
2019/8/23,1.1769843
2019/8/26,1.179641612
2019/8/27,1.179075097
2019/8/28,1.18122794
2019/8/29,1.185609824
2019/8/30,1.186424951
2019/9/3,1.183956759
2019/9/4,1.187551499
2019/9/5,1.190479445
2019/9/6,1.191638958
2019/9/9,1.193537522
2019/9/10,1.194528933
2019/9/11,1.196043655
2019/9/12,1.197005894
2019/9/13,1.194980379
2019/9/16,1.198446949
2019/9/17,1.198824114
2019/9/18,1.197861109
2019/9/19,1.198688904
2019/9/20,1.198255773
2019/9/23,1.198939077
2019/9/24,1.196548154
2019/9/25,1.196552797
2019/9/26,1.196066993
2019/9/27,1.193841894
2019/9/30,1.194852315
2019/10/1,1.190872909
2019/10/2,1.184375783
2019/10/3,1.18541862
2019/10/4,1.188737761
2019/10/7,1.188799747
2019/10/8,1.184640577
2019/10/9,1.186955655
2019/10/10,1.188314227
2019/10/11,1.192881636
2019/10/14,1.192835319
2019/10/15,1.195829212
2019/10/16,1.196668394
2019/10/17,1.199141789
2019/10/18,1.1997046
2019/10/21,1.202192087
2019/10/22,1.202025888
2019/10/23,1.202842652
2019/10/24,1.203265029
2019/10/25,1.204211297
2019/10/28,1.205097829
2019/10/29,1.205289702
2019/10/30,1.204168634
2019/10/31,1.200983298
2019/11/1,1.204592786
2019/11/4,1.20737665
2019/11/5,1.206210162
2019/11/6,1.204645292
2019/11/7,1.204304543
2019/11/8,1.204186393
2019/11/11,1.204583383
2019/11/12,1.203896592
2019/11/13,1.203007041
2019/11/14,1.203664944
2019/11/15,1.205218938
2019/11/18,1.205265852
2019/11/19,1.203815435
2019/11/20,1.20209672
2019/11/21,1.199599012
2019/11/22,1.200432558
2019/11/25,1.204399939
2019/11/26,1.207562535
2019/11/27,1.209750403
2019/11/29,1.208151645
2019/12/2,1.205121832
2019/12/3,1.20372854
2019/12/4,1.207626488
2019/12/5,1.208905537
2019/12/6,1.212562806
2019/12/9,1.213180265
2019/12/10,1.213642227
2019/12/11,1.214304921
2019/12/12,1.217186124
2019/12/13,1.218215041
2019/12/16,1.221611692
2019/12/17,1.223293235
2019/12/18,1.226336577
2019/12/19,1.227914831
2019/12/20,1.22975094
2019/12/23,1.229581985
2019/12/24,1.229642203
2019/12/26,1.231058316
2019/12/27,1.23135587
2019/12/30,1.231254972
2019/12/31,1.232073591
2020/1/2,1.239989918
2020/1/3,1.241910032
2020/1/6,1.242428317
2020/1/7,1.238179151
2020/1/8,1.238218457
2020/1/9,1.245046273
2020/1/10,1.246865438
2020/1/13,1.251241076
2020/1/14,1.252348467
2020/1/15,1.256616255
2020/1/16,1.261925347
2020/1/17,1.261298048
2020/1/21,1.264927231
2020/1/22,1.265883157
2020/1/23,1.269982688
2020/1/24,1.266863424
2020/1/27,1.260142676
2020/1/28,1.265180554
2020/1/29,1.267598339
2020/1/30,1.271722689
2020/1/31,1.259263315
2020/2/3,1.26595533
2020/2/4,1.271588061
2020/2/5,1.276438217
2020/2/6,1.280870911
2020/2/7,1.282137668
2020/2/10,1.289940378
2020/2/11,1.28977504
2020/2/12,1.292246837
2020/2/13,1.292965413
2020/2/14,1.297467105
2020/2/18,1.298127362
2020/2/19,1.300145529
2020/2/20,1.301528955
2020/2/21,1.297910548
2020/2/24,1.278066799
2020/2/25,1.256735059
2020/2/26,1.253766488
2020/2/27,1.219340963
2020/2/28,1.219821338
2020/3/2,1.256739983
2020/3/3,1.238378173
2020/3/4,1.270486318
2020/3/5,1.249131702
2020/3/6,1.259717549
2020/3/9,1.214609075
2020/3/10,1.2303717
2020/3/11,1.187785671
2020/3/12,1.110326041
2020/3/13,1.165734326
2020/3/16,1.091488472
2020/3/17,1.11285683
2020/3/18,1.050365907
2020/3/19,1.06190856
2020/3/20,1.045075366
2020/3/23,1.037698412
2020/3/24,1.098708607
2020/3/25,1.107028483
2020/3/26,1.154965398
2020/3/27,1.138687871
2020/3/30,1.16568218
2020/3/31,1.148971031
2020/4/1,1.120662964
2020/4/2,1.136861294
2020/4/3,1.128905209
2020/4/6,1.174285063
2020/4/7,1.17179326
2020/4/8,1.197092484
2020/4/9,1.214659567
2020/4/13,1.203054873
2020/4/14,1.225302411
2020/4/15,1.217207213
2020/4/16,1.225057531
2020/4/17,1.24023945
2020/4/20,1.228080612
2020/4/21,1.209934761
2020/4/22,1.222661297
2020/4/23,1.222638391
2020/4/24,1.233668644
2020/4/27,1.240588115
2020/4/28,1.240886482
2020/4/29,1.258660881
2020/4/30,1.250094493
2020/5/1,1.227498451
2020/5/4,1.229146941
2020/5/5,1.233813116
2020/5/6,1.221878033
2020/5/7,1.238141063
2020/5/8,1.247248919
2020/5/11,1.242349152
2020/5/12,1.230018185
2020/5/13,1.219034691
2020/5/14,1.231060174
2020/5/15,1.231866662
2020/5/18,1.249156158
2020/5/19,1.242779202
2020/5/20,1.258674043
2020/5/21,1.253500835
2020/5/22,1.258308383
2020/5/26,1.265393853
2020/5/27,1.278094738
2020/5/28,1.273995035
2020/5/29,1.281700576
2020/6/1,1.282820763
2020/6/2,1.288404184
2020/6/3,1.295968258
2020/6/4,1.287341713
2020/6/5,1.305486471
2020/6/8,1.318107984
2020/6/9,1.316474701
2020/6/10,1.315417434
2020/6/11,1.275198131
2020/6/12,1.283865237
2020/6/15,1.290830283
2020/6/16,1.300746957
2020/6/17,1.29835673
2020/6/18,1.302391132
2020/6/19,1.29677627
2020/6/22,1.301892437
2020/6/23,1.303022927
2020/6/24,1.284879401
2020/6/25,1.295522322
2020/6/26,1.279518799
2020/6/29,1.289905199
2020/6/30,1.300405165
2020/7/1,1.304397207
2020/7/2,1.308193549
2020/7/6,1.319769911
2020/7/7,1.31454894
2020/7/8,1.320186569
2020/7/9,1.321955333
2020/7/10,1.328387315
2020/7/13,1.320094779
2020/7/14,1.333541623
2020/7/15,1.339361956
2020/7/16,1.338477639
2020/7/17,1.339729282
2020/7/20,1.346674147
2020/7/21,1.349228622
2020/7/22,1.356757482
2020/7/23,1.350181459
2020/7/24,1.345710787
2020/7/27,1.351176571
2020/7/28,1.350077213
2020/7/29,1.359886315
2020/7/30,1.360737883
2020/7/31,1.366712819
2020/8/3,1.367975524
2020/8/4,1.376287274
2020/8/5,1.379095391
2020/8/6,1.385632574
2020/8/7,1.384831646
2020/8/10,1.385583265
2020/8/11,1.370191021
2020/8/12,1.380290151
2020/8/13,1.373023351
2020/8/14,1.372013215
2020/8/17,1.376122502
2020/8/18,1.379741248
2020/8/19,1.373647099
2020/8/20,1.380215627
2020/8/21,1.384818161
2020/8/24,1.393855957
2020/8/25,1.393707188
2020/8/26,1.39947682
2020/8/27,1.394635415
2020/8/28,1.400284146
2020/8/31,1.402890793
2020/9/1,1.411462424
2020/9/2,1.429445348
2020/9/3,1.402853497
2020/9/4,1.385109437
2020/9/8,1.366187084
2020/9/9,1.380068523
2020/9/10,1.367645671
2020/9/11,1.369079958
2020/9/14,1.38191252
2020/9/15,1.385606889
2020/9/16,1.381058093
2020/9/17,1.374586239
2020/9/18,1.36232057
2020/9/21,1.352805204
2020/9/22,1.362510868
2020/9/23,1.341289905
2020/9/24,1.34535737
2020/9/25,1.358787213
2020/9/28,1.371683931
2020/9/29,1.369059142
2020/9/30,1.37248302
2020/10/1,1.37814784
2020/10/2,1.369732552
2020/10/5,1.377831053
2020/10/6,1.369165412
2020/10/7,1.378884428
2020/10/8,1.388662501
2020/10/9,1.394867471
2020/10/12,1.408270946
2020/10/13,1.407305322
2020/10/14,1.402266234
2020/10/15,1.400491916
2020/10/16,1.398665168
2020/10/19,1.383220451
2020/10/20,1.383181346
2020/10/21,1.379402959
2020/10/22,1.380897573
2020/10/23,1.385033553
2020/10/26,1.373537442
2020/10/27,1.372116211
2020/10/28,1.342243265
2020/10/29,1.348489283
2020/10/30,1.337752958
2020/11/2,1.350336532
2020/11/3,1.363035408
2020/11/4,1.390107735
2020/11/5,1.406599843
2020/11/6,1.401673666
2020/11/9,1.401717434
2020/11/10,1.400632072
2020/11/11,1.407181455
2020/11/12,1.407366224
2020/11/13,1.420268448
2020/11/16,1.429676489
2020/11/17,1.428725701
2020/11/18,1.418285579
2020/11/19,1.425056958
2020/11/20,1.422734378
2020/11/23,1.425023516
2020/11/24,1.435181735
2020/11/25,1.432919302
2020/11/27,1.438356253
2020/11/30,1.434360754
2020/12/1,1.436094026
2020/12/2,1.434449733
2020/12/3,1.4381419
2020/12/4,1.441597061
2020/12/7,1.44325854
2020/12/8,1.447631216
2020/12/9,1.438029739
2020/12/10,1.440955685
2020/12/11,1.440874048
2020/12/14,1.437065325
2020/12/15,1.446124144
2020/12/16,1.447628593
2020/12/17,1.452341504
2020/12/18,1.446211748
2020/12/21,1.443747962
2020/12/22,1.445428932
2020/12/23,1.441694598
2020/12/24,1.448021553
2020/12/28,1.456144374
2020/12/29,1.453206239
2020/12/30,1.455835132
2020/12/31,1.463692259
2021/1/4,1.458151575
2021/1/5,1.454788292
2021/1/6,1.444165184
2021/1/7,1.44623246
2021/1/8,1.445961072
2021/1/11,1.441656514
2021/1/12,1.440346097
2021/1/13,1.449214433
2021/1/14,1.443176131
2021/1/15,1.443526418
2021/1/19,1.448487318
2021/1/20,1.453516687
2021/1/21,1.449786602
2021/1/22,1.449571017
2021/1/25,1.457492786
2021/1/26,1.456457596
2021/1/27,1.449555078
2021/1/28,1.449648039
2021/1/29,1.440026747
2021/2/1,1.445538473
2021/2/2,1.447088919
2021/2/3,1.442945947
2021/2/4,1.445250946
2021/2/5,1.442205629
2021/2/8,1.44753494
2021/2/9,1.447964256
2021/2/10,1.451809059
2021/2/11,1.449426397
2021/2/12,1.443358423
2021/2/16,1.434935887
2021/2/17,1.437515513
2021/2/18,1.43394969
2021/2/19,1.425965161
2021/2/22,1.419023443
2021/2/23,1.417241633
2021/2/24,1.417001819
2021/2/25,1.397328001
2021/2/26,1.414292883
2021/3/1,1.4151791
2021/3/2,1.413421018
2021/3/3,1.402781118
2021/3/4,1.393846239
2021/3/5,1.399095545
2021/3/8,1.392526503
2021/3/9,1.403525136
2021/3/10,1.406714944
2021/3/11,1.407927269
2021/3/12,1.394787522
2021/3/15,1.399896885
2021/3/16,1.397495278
2021/3/17,1.393638532
2021/3/18,1.381873324
2021/3/19,1.385085086
2021/3/22,1.394938977
2021/3/23,1.398646781
2021/3/24,1.401281516
2021/3/25,1.398418892
2021/3/26,1.40112675
2021/3/29,1.396775849
2021/3/30,1.398398212
2021/3/31,1.398670053
2021/4/1,1.410908086
2021/4/5,1.413707767
2021/4/6,1.418460308
2021/4/7,1.41561069
2021/4/8,1.421787009
2021/4/9,1.421732149
2021/4/12,1.421055249
2021/4/13,1.425585897
2021/4/14,1.423167179
2021/4/15,1.436693328
2021/4/16,1.434107278
2021/4/19,1.430558468
2021/4/20,1.430467913
2021/4/21,1.434517998
2021/4/22,1.434425487
2021/4/23,1.437011555
2021/4/26,1.437356433
2021/4/27,1.432300348
2021/4/28,1.432688254
2021/4/29,1.433031279
2021/4/30,1.432546736
2021/5/3,1.434297209
2021/5/4,1.435131213
2021/5/5,1.437121251
2021/5/6,1.440382276
2021/5/7,1.440566923
2021/5/10,1.432316117
2021/5/11,1.424968706
2021/5/12,1.411736784
2021/5/13,1.4162443
2021/5/14,1.425991847
2021/5/17,1.423812637
2021/5/18,1.420222218
2021/5/19,1.416468897
2021/5/20,1.424722088
2021/5/21,1.426574726
2021/5/24,1.432106191
2021/5/25,1.437503001
2021/5/26,1.437295625
2021/5/27,1.435499269
2021/5/28,1.43840703
2021/6/1,1.435412881
2021/6/2,1.437624944
2021/6/3,1.434372367
2021/6/4,1.44517369
2021/6/7,1.4436396
2021/6/8,1.448053001
2021/6/9,1.45337823
2021/6/10,1.458670664
2021/6/11,1.458484126
2021/6/14,1.454882681
2021/6/15,1.45367631
2021/6/16,1.450928627
2021/6/17,1.458904915
2021/6/18,1.465561971
2021/6/21,1.461320351
2021/6/22,1.463916653
2021/6/23,1.462512541
2021/6/24,1.465530933
2021/6/25,1.461335763
2021/6/28,1.468339757
2021/6/29,1.469757405
2021/6/30,1.473344127
2021/7/1,1.47543859
2021/7/2,1.480960967
2021/7/6,1.48857224
2021/7/7,1.495587666
2021/7/8,1.494649558
2021/7/9,1.490138123
2021/7/12,1.490690133
2021/7/13,1.484606546
2021/7/14,1.491713237
2021/7/15,1.496476479
2021/7/16,1.492877493
2021/7/19,1.498207796
2021/7/20,1.498758279
2021/7/21,1.495055228
2021/7/22,1.501378046
2021/7/23,1.500979616
2021/7/26,1.500283284
2021/7/27,1.504431402
2021/7/28,1.504651794
2021/7/29,1.502832768
2021/7/30,1.50436572
2021/8/2,1.509338313
2021/8/3,1.511280904
2021/8/4,1.510830653
2021/8/5,1.509614844
2021/8/6,1.500176517
2021/8/9,1.497388979
2021/8/10,1.494458762
2021/8/11,1.494319778
2021/8/12,1.49472843
2021/8/13,1.504612401
2021/8/16,1.507139768
2021/8/17,1.504734926
2021/8/18,1.503683217
2021/8/19,1.507545798
2021/8/20,1.510798345
2021/8/23,1.514431437
2021/8/24,1.511402607
2021/8/25,1.507375998
2021/8/26,1.50754464
2021/8/27,1.514991956
2021/8/30,1.519251801
2021/8/31,1.515938263
2021/9/1,1.516635351
2021/9/2,1.52074584
2021/9/3,1.515299253
2021/9/7,1.509165213
2021/9/8,1.512461744
2021/9/9,1.518703406
2021/9/10,1.511811529
2021/9/13,1.516692794
2021/9/14,1.521563661
2021/9/15,1.522476478
2021/9/16,1.518950941
2021/9/17,1.512902209
2021/9/20,1.513347015
2021/9/21,1.513449157
2021/9/22,1.520484966
2021/9/23,1.510668824
2021/9/24,1.504905609
2021/9/27,1.501220131
2021/9/28,1.48429616
2021/9/29,1.486801142
2021/9/30,1.482836376
2021/10/1,1.490775792
2021/10/4,1.485200337
2021/10/5,1.482727907
2021/10/6,1.485327973
2021/10/7,1.482566333
2021/10/8,1.477207362
2021/10/11,1.475427661
2021/10/12,1.481593382
2021/10/13,1.48822508
2021/10/14,1.497358642
2021/10/15,1.495966589
2021/10/18,1.498897311
2021/10/19,1.493747748
2021/10/20,1.490949594
2021/10/21,1.490764389
2021/10/22,1.496059179
2021/10/25,1.496717113
2021/10/26,1.502309596
2021/10/27,1.511567313
2021/10/28,1.511704426
2021/10/29,1.51334404
2021/11/1,1.510422881
2021/11/2,1.51432045
2021/11/3,1.510351708
2021/11/4,1.519075538
2021/11/5,1.53119966
2021/11/8,1.530910106
2021/11/9,1.537207955
2021/11/10,1.522114147
2021/11/11,1.522365435
2021/11/12,1.520425083
2021/11/15,1.511782103
2021/11/16,1.511130756
2021/11/17,1.514728228
2021/11/18,1.518008101
2021/11/19,1.523489941
2021/11/22,1.51478318
2021/11/23,1.504024375
2021/11/24,1.512856329
2021/11/26,1.517828038
2021/11/29,1.51941469
2021/11/30,1.522550678
2021/12/1,1.523336024
2021/12/2,1.528869446
2021/12/3,1.534113416
2021/12/6,1.531649044
2021/12/7,1.536901713
2021/12/8,1.527630589
2021/12/9,1.528145131
2021/12/10,1.529705166
2021/12/13,1.535421651
2021/12/14,1.53085185
2021/12/15,1.530901002
2021/12/16,1.529397282
2021/12/17,1.53232956
2021/12/20,1.524245302
2021/12/21,1.529144204
2021/12/22,1.536411384
2021/12/23,1.532844521
2021/12/27,1.540962766
2021/12/28,1.538876821
2021/12/29,1.532307009
2021/12/30,1.536458711
2021/12/31,1.539617263
