Date,return,regime
2011/1/3,0.011292535,0
2011/1/4,-0.001298603,0
2011/1/5,0.005124227,0
2011/1/6,-0.001743428,0
2011/1/7,-0.001845121,0
2011/1/10,-0.001376948,0
2011/1/11,0.003717569,0
2011/1/12,0.009071439,0
2011/1/13,-0.001709456,0
2011/1/14,0.007391836,0
2011/1/18,0.00139491,0
2011/1/19,-0.010031235,0
2011/1/20,-0.001295244,0
2011/1/21,0.002433229,0
2011/1/24,0.005818377,0
2011/1/25,0.000295992,0
2011/1/26,0.004248389,0
2011/1/27,0.00229122,0
2011/1/28,-0.01798624,0
2011/1/31,0.007631612,0
2011/2/1,0.016560045,0
2011/2/2,-0.00254716,0
2011/2/3,0.002493081,0
2011/2/4,0.002892528,0
2011/2/7,0.006236638,0
2011/2/8,0.004486896,0
2011/2/9,-0.002670122,0
2011/2/10,0.000839783,0
2011/2/11,0.00563107,0
2011/2/14,0.002588779,0
2011/2/15,-0.003119047,0
2011/2/16,0.00641489,0
2011/2/17,0.003155344,0
2011/2/18,0.00193226,0
2011/2/22,-0.020726746,0
2011/2/23,-0.006087453,0
2011/2/24,-0.000754859,0
2011/2/25,0.010758241,0
2011/2/28,0.005600966,0
2011/3/1,-0.015865737,0
2011/3/2,0.00177801,0
2011/3/3,0.01711145,0
2011/3/4,-0.007398602,0
2011/3/7,-0.008341936,0
2011/3/8,0.009067183,0
2011/3/9,-0.001209036,0
2011/3/10,-0.019055472,0
2011/3/11,0.007363747,0
2011/3/14,-0.00603368,0
2011/3/15,-0.011257696,0
2011/3/16,-0.01965766,0
2011/3/17,0.013336146,0
2011/3/18,0.004300585,0
2011/3/21,0.014888432,0
2011/3/22,-0.003435501,0
2011/3/23,0.002922617,0
2011/3/24,0.009295474,0
2011/3/25,0.003157225,0
2011/3/28,-0.002750783,0
2011/3/29,0.007242985,0
2011/3/30,0.006773793,0
2011/3/31,-0.001834043,0
2011/4/1,0.004963013,0
2011/4/4,0.000470434,0
2011/4/5,-0.000169668,0
2011/4/6,0.002592959,0
2011/4/7,-0.001482642,0
2011/4/8,-0.004012902,0
2011/4/11,-0.002778348,0
2011/4/12,-0.007797102,0
2011/4/13,0.000293052,0
2011/4/14,9.68E-05,0
2011/4/15,0.003915838,0
2011/4/18,-0.011067858,0
2011/4/19,0.005745081,0
2011/4/20,0.013448084,0
2011/4/21,0.00529167,0
2011/4/25,-0.001592271,0
2011/4/26,0.008940795,0
2011/4/27,0.006400518,0
2011/4/28,0.00362584,0
2011/4/29,0.002302104,0
2011/5/2,-0.001754537,0
2011/5/3,-0.003381446,0
2011/5/4,-0.006699518,0
2011/5/5,-0.009063017,0
2011/5/6,0.003931897,0
2011/5/9,0.004546389,0
2011/5/10,0.008056853,0
2011/5/11,-0.010621063,0
2011/5/12,0.004995273,0
2011/5/13,-0.008060981,0
2011/5/16,-0.006161534,0
2011/5/17,-0.000115087,0
2011/5/18,0.008943828,0
2011/5/19,0.002262074,0
2011/5/20,-0.007716981,0
2011/5/23,-0.011985384,0
2011/5/24,-0.000813755,0
2011/5/25,0.003248818,0
2011/5/26,0.004183482,0
2011/5/27,0.004272898,0
2011/5/31,0.010547773,0
2011/6/1,-0.022940359,0
2011/6/2,-0.001167218,0
2011/6/3,-0.009731914,0
2011/6/6,-0.010800874,0
2011/6/7,-0.000913663,0
2011/6/8,-0.00397641,0
2011/6/9,0.007356142,0
2011/6/10,-0.014064462,0
2011/6/13,0.000999966,0
2011/6/14,0.012588523,0
2011/6/15,-0.017563439,0
2011/6/16,0.001922726,0
2011/6/17,0.003048945,0
2011/6/20,0.00538797,0
2011/6/21,0.013442539,0
2011/6/22,-0.006446135,0
2011/6/23,-0.002829974,0
2011/6/24,-0.011798304,0
2011/6/27,0.009143089,0
2011/6/28,0.013083448,0
2011/6/29,0.008377648,0
2011/6/30,0.010072132,0
2011/7/1,0.014435844,0
2011/7/5,-0.001306334,0
2011/7/6,0.001378003,0
2011/7/7,0.010448991,0
2011/7/8,-0.006980721,0
2011/7/11,-0.018239461,0
2011/7/12,-0.004435831,0
2011/7/13,0.003192796,0
2011/7/14,-0.006725006,0
2011/7/15,0.005543943,0
2011/7/18,-0.008129496,0
2011/7/19,0.016177463,0
2011/7/20,-0.000526382,0
2011/7/21,0.013537984,0
2011/7/22,0.000926329,0
2011/7/25,-0.005647017,0
2011/7/26,-0.004113667,0
2011/7/27,-0.020470611,0
2011/7/28,-0.003143454,0
2011/7/29,-0.006467876,0
2011/8/1,-0.004141384,0
2011/8/2,-0.025892427,1
2011/8/3,0.005364023,1
2011/8/4,-0.048954397,1
2011/8/5,-0.000568242,1
2011/8/8,-0.068800433,1
2011/8/9,0.046342167,1
2011/8/10,-0.044735346,1
2011/8/11,0.045425261,1
2011/8/12,0.005267444,1
2011/8/15,0.02162204,1
2011/8/16,-0.009604343,1
2011/8/17,0.001226388,1
2011/8/18,-0.045547075,1
2011/8/19,-0.015123153,1
2011/8/22,0.000260844,1
2011/8/23,0.033723743,1
2011/8/24,0.013171785,1
2011/8/25,-0.015667702,1
2011/8/26,0.015156882,1
2011/8/29,0.028014533,1
2011/8/30,0.002577403,1
2011/8/31,0.005029034,1
2011/9/1,-0.01186089,1
2011/9/2,-0.025564504,1
2011/9/6,-0.007438258,1
2011/9/7,0.028484939,1
2011/9/8,-0.010642586,1
2011/9/9,-0.027049267,1
2011/9/12,0.007003217,1
2011/9/13,0.009433985,1
2011/9/14,0.013387941,1
2011/9/15,0.017224923,1
2011/9/16,0.005709923,1
2011/9/19,-0.009845986,1
2011/9/20,-0.001632012,1
2011/9/21,-0.029794321,1
2011/9/22,-0.03239937,1
2011/9/23,0.006194841,1
2011/9/26,0.02306576,1
2011/9/27,0.010640937,1
2011/9/28,-0.020655797,1
2011/9/29,0.008128475,1
2011/9/30,-0.025283767,1
2011/10/3,-0.028812997,1
2011/10/4,0.022370562,1
2011/10/5,0.018221315,1
2011/10/6,0.018231535,1
2011/10/7,-0.008169544,1
2011/10/10,0.033550729,1
2011/10/11,0.000558461,1
2011/10/12,0.009905739,1
2011/10/13,-0.002896215,1
2011/10/14,0.017229844,1
2011/10/17,-0.019525476,1
2011/10/18,0.020213099,1
2011/10/19,-0.012573981,1
2011/10/20,0.004572373,1
2011/10/21,0.018659068,1
2011/10/24,0.012805071,1
2011/10/25,-0.020251921,1
2011/10/26,0.010491556,1
2011/10/27,0.033772046,1
2011/10/28,0.000416729,1
2011/10/31,-0.025044988,1
2011/11/1,-0.028336211,1
2011/11/2,0.016069733,1
2011/11/3,0.018807708,1
2011/11/4,-0.006292873,1
2011/11/7,0.006354563,1
2011/11/8,0.012266297,1
2011/11/9,-0.037287303,1
2011/11/10,0.008718147,1
2011/11/11,0.019305767,1
2011/11/14,-0.009474173,1
2011/11/15,0.004984538,1
2011/11/16,-0.016464249,1
2011/11/17,-0.016929079,1
2011/11/18,-0.000322804,1
2011/11/21,-0.018775905,1
2011/11/22,-0.004070038,1
2011/11/23,-0.0223034,1
2011/11/25,-0.002534954,1
2011/11/28,0.028954898,1
2011/11/29,0.002572562,1
2011/11/30,0.042544051,1
2011/12/1,-0.001876282,1
2011/12/2,-0.000202545,1
2011/12/5,0.010282041,1
2011/12/6,0.001120652,1
2011/12/7,0.002303686,1
2011/12/8,-0.021346719,1
2011/12/9,0.01674518,1
2011/12/12,-0.014976292,1
2011/12/13,-0.008529524,1
2011/12/14,-0.011308875,1
2011/12/15,0.003327617,1
2011/12/16,0.00323055,1
2011/12/19,-0.011786611,1
2011/12/20,0.029546091,1
2011/12/21,0.001963163,1
2011/12/22,0.00848323,1
2011/12/23,0.009005184,1
2011/12/27,9.39E-05,1
2011/12/28,-0.01233012,1
2011/12/29,0.010675675,0
2011/12/30,-0.004242615,0
2012/1/3,0.015379944,0
2012/1/4,0.000399483,0
2012/1/5,0.002939674,0
2012/1/6,-0.002161233,0
2012/1/9,0.002283513,0
2012/1/10,0.008857921,0
2012/1/11,0.000409904,0
2012/1/12,0.002364703,0
2012/1/13,-0.004961198,0
2012/1/17,0.003543137,0
2012/1/18,0.011208049,0
2012/1/19,0.004955138,0
2012/1/20,0.000694817,0
2012/1/23,0.000486527,0
2012/1/24,-0.00099852,0
2012/1/25,0.008642544,0
2012/1/26,-0.005713962,0
2012/1/27,-0.001543663,0
2012/1/30,-0.002491223,0
2012/1/31,-0.000455632,0
2012/2/1,0.009069921,0
2012/2/2,0.001174053,0
2012/2/3,0.014622806,0
2012/2/6,-0.000403543,0
2012/2/7,0.002036813,0
2012/2/8,0.002518126,0
2012/2/9,0.001486768,0
2012/2/10,-0.00688825,0
2012/2/13,0.006997035,0
2012/2/14,-0.000781107,0
2012/2/15,-0.005055793,0
2012/2/16,0.011111863,0
2012/2/17,0.002371321,0
2012/2/21,0.000741725,0
2012/2/22,-0.003305099,0
2012/2/23,0.004456476,0
2012/2/24,0.001802806,0
2012/2/27,0.00144305,0
2012/2/28,0.003511616,0
2012/2/29,-0.004577241,0
2012/3/1,0.006199425,0
2012/3/2,-0.003208872,0
2012/3/5,-0.003822097,0
2012/3/6,-0.015456468,0
2012/3/7,0.007177406,0
2012/3/8,0.009866725,0
2012/3/9,0.003622288,0
2012/3/12,0.00022802,0
2012/3/13,0.018312353,0
2012/3/14,-0.00116648,0
2012/3/15,0.005965999,0
2012/3/16,0.001124866,0
2012/3/19,0.003968425,0
2012/3/20,-0.002991649,0
2012/3/21,-0.001834253,0
2012/3/22,-0.007179373,0
2012/3/23,0.003099191,0
2012/3/26,0.013793521,0
2012/3/27,-0.002718494,0
2012/3/28,-0.004710697,0
2012/3/29,-0.001587702,0
2012/3/30,0.003697159,0
2012/4/2,0.007542631,0
2012/4/3,-0.003759491,0
2012/4/4,-0.010231732,0
2012/4/5,-0.000271253,0
2012/4/9,-0.011398399,0
2012/4/10,-0.017222641,0
2012/4/11,0.007565481,0
2012/4/12,0.013696278,0
2012/4/13,-0.012532026,0
2012/4/16,-0.000505864,0
2012/4/17,0.015372134,0
2012/4/18,-0.004057266,0
2012/4/19,-0.00590522,0
2012/4/20,0.001195007,0
2012/4/23,-0.008421876,0
2012/4/24,0.003671229,0
2012/4/25,0.013693359,0
2012/4/26,0.006711476,0
2012/4/27,0.002430799,0
2012/4/30,-0.003869266,0
2012/5/1,0.005646403,0
2012/5/2,-0.002390988,0
2012/5/3,-0.007508848,0
2012/5/4,-0.01625545,0
2012/5/7,0.000371384,0
2012/5/8,-0.004153483,0
2012/5/9,-0.00644418,0
2012/5/10,0.002821859,0
2012/5/11,-0.003281767,0
2012/5/14,-0.011074529,0
2012/5/15,-0.005579039,0
2012/5/16,-0.004068956,0
2012/5/17,-0.015063513,0
2012/5/18,-0.00740964,0
2012/5/21,0.015923361,0
2012/5/22,0.000509034,0
2012/5/23,0.001732285,0
2012/5/24,0.001536468,0
2012/5/25,-0.002163812,0
2012/5/29,0.011176509,0
2012/5/30,-0.014133649,0
2012/5/31,-0.00217185,0
2012/6/1,-0.024905762,0
2012/6/4,0.00013321,0
2012/6/5,0.005741375,0
2012/6/6,0.023061367,0
2012/6/7,-6.19E-05,0
2012/6/8,0.008100384,0
2012/6/11,-0.01264635,0
2012/6/12,0.011595235,0
2012/6/13,-0.006675536,0
2012/6/14,0.010774467,0
2012/6/15,0.010286508,0
2012/6/18,0.001461575,0
2012/6/19,0.009792102,0
2012/6/20,-0.001646355,0
2012/6/21,-0.022358218,0
2012/6/22,0.007148758,0
2012/6/25,-0.015962444,0
2012/6/26,0.00476183,0
2012/6/27,0.009181866,0
2012/6/28,-0.002060988,0
2012/6/29,0.024654719,0
2012/7/2,0.002518624,0
2012/7/3,0.00643814,0
2012/7/5,-0.004683377,0
2012/7/6,-0.009126949,0
2012/7/9,-0.001628213,0
2012/7/10,-0.008148013,0
2012/7/11,0.000106886,0
2012/7/12,-0.004998073,0
2012/7/13,0.016389317,0
2012/7/16,-0.002317232,0
2012/7/17,0.007382472,0
2012/7/18,0.00680849,0
2012/7/19,0.002817949,0
2012/7/20,-0.010091425,0
2012/7/23,-0.008928487,0
2012/7/24,-0.009076877,0
2012/7/25,-0.000295955,0
2012/7/26,0.016434132,0
2012/7/27,0.018957518,0
2012/7/30,-0.000448177,0
2012/7/31,-0.004317177,0
2012/8/1,-0.002877349,0
2012/8/2,-0.007318742,0
2012/8/3,0.018983134,0
2012/8/6,0.002349404,0
2012/8/7,0.005111408,0
2012/8/8,0.00093598,0
2012/8/9,0.000847412,0
2012/8/10,0.002217416,0
2012/8/13,-0.001062043,0
2012/8/14,4.58E-05,0
2012/8/15,0.001496122,0
2012/8/16,0.007152664,0
2012/8/17,0.001872145,0
2012/8/20,-2.03E-06,0
2012/8/21,-0.00348481,0
2012/8/22,0.000290154,0
2012/8/23,-0.008089946,0
2012/8/24,0.006578516,0
2012/8/27,-0.000481926,0
2012/8/28,-0.000744918,0
2012/8/29,0.001081558,0
2012/8/30,-0.007699756,0
2012/8/31,0.005072424,0
2012/9/4,-0.001143232,0
2012/9/5,-0.000814533,0
2012/9/6,0.020364416,0
2012/9/7,0.004095566,0
2012/9/10,-0.006103893,0
2012/9/11,0.003141043,0
2012/9/12,0.002353815,0
2012/9/13,0.016310417,0
2012/9/14,0.003959502,0
2012/9/17,-0.003085582,0
2012/9/18,-0.001261264,0
2012/9/19,0.001204361,0
2012/9/20,-0.000394487,0
2012/9/21,-7.22E-05,0
2012/9/24,-0.002238929,0
2012/9/25,-0.010441033,0
2012/9/26,-0.005548138,0
2012/9/27,0.009672699,0
2012/9/28,-0.004484889,0
2012/10/1,0.00269533,0
2012/10/2,0.000938977,0
2012/10/3,0.003841481,0
2012/10/4,0.007157705,0
2012/10/5,1.61E-05,0
2012/10/8,-0.003463031,0
2012/10/9,-0.009909666,0
2012/10/10,-0.006133254,0
2012/10/11,0.00036328,0
2012/10/12,-0.002951621,0
2012/10/15,0.008047189,0
2012/10/16,0.010220936,0
2012/10/17,0.004227102,0
2012/10/18,-0.002393491,0
2012/10/19,-0.016691907,0
2012/10/22,0.000461591,0
2012/10/23,-0.014549481,0
2012/10/24,-0.003083196,0
2012/10/25,0.003009877,0
2012/10/26,-0.000727398,0
2012/10/31,0.000286565,0
2012/11/1,0.010945717,0
2012/11/2,-0.009410124,0
2012/11/5,0.002279599,0
2012/11/6,0.007849,0
2012/11/7,-0.023089665,0
2012/11/8,-0.012272289,0
2012/11/9,0.00174308,0
2012/11/12,0.00013007,0
2012/11/13,-0.003676644,0
2012/11/14,-0.01357863,0
2012/11/15,-0.001525856,0
2012/11/16,0.004925553,0
2012/11/19,0.019734117,0
2012/11/20,0.000749573,0
2012/11/21,0.002333207,0
2012/11/23,0.013085756,0
2012/11/26,-0.002002768,0
2012/11/27,-0.005145734,0
2012/11/28,0.008124907,0
2012/11/29,0.004423774,0
2012/11/30,0.000161588,0
2012/12/3,-0.004745668,0
2012/12/4,-0.001690853,0
2012/12/5,0.001901351,0
2012/12/6,0.003560007,0
2012/12/7,0.002993414,0
2012/12/10,0.000378321,0
2012/12/11,0.006530264,0
2012/12/12,0.000670681,0
2012/12/13,-0.006081696,0
2012/12/14,-0.004106288,0
2012/12/17,0.0118177,0
2012/12/18,0.01143824,0
2012/12/19,-0.007581699,0
2012/12/20,0.005685638,0
2012/12/21,-0.009352544,0
2012/12/24,-0.002316331,0
2012/12/26,-0.00478963,0
2012/12/27,-0.00103241,0
2012/12/28,-0.011010314,0
2012/12/31,0.016805203,0
2013/1/2,0.025276351,0
2013/1/3,-0.002091299,0
2013/1/4,0.004854018,0
2013/1/7,-0.003122519,0
2013/1/8,-0.002908461,0
2013/1/9,0.00267047,0
2013/1/10,0.007569202,0
2013/1/11,6.30E-05,0
2013/1/14,-0.000934837,0
2013/1/15,0.001133914,0
2013/1/16,0.000315736,0
2013/1/17,0.005634369,0
2013/1/18,0.003415686,0
2013/1/22,0.004460952,0
2013/1/23,0.001526727,0
2013/1/24,3.81E-05,0
2013/1/25,0.005432574,0
2013/1/28,-0.001822498,0
2013/1/29,0.005144074,0
2013/1/30,-0.00365135,0
2013/1/31,-0.002505816,0
2013/2/1,0.010024145,0
2013/2/4,-0.011585633,0
2013/2/5,0.01048193,0
2013/2/6,0.000672896,0
2013/2/7,-0.001398581,0
2013/2/8,0.00563804,0
2013/2/11,-0.000556532,0
2013/2/12,0.001647722,0
2013/2/13,0.001058992,0
2013/2/14,0.000809655,0
2013/2/15,-0.000956493,0
2013/2/19,0.007466615,0
2013/2/20,-0.012438208,0
2013/2/21,-0.006098313,0
2013/2/22,0.008880836,0
2013/2/25,-0.018479619,0
2013/2/26,0.006248694,0
2013/2/27,0.012886054,0
2013/2/28,-0.000818791,0
2013/3/1,0.002340401,0
2013/3/4,0.004611247,0
2013/3/5,0.009553468,0
2013/3/6,0.001369187,0
2013/3/7,0.001911661,0
2013/3/8,0.004541914,0
2013/3/11,0.003336572,0
2013/3/12,-0.002355574,0
2013/3/13,0.001648901,0
2013/3/14,0.005608274,0
2013/3/15,-0.00162442,0
2013/3/18,-0.005514443,0
2013/3/19,-0.002408438,0
2013/3/20,0.006685652,0
2013/3/21,-0.008297806,0
2013/3/22,0.007144225,0
2013/3/25,-0.00334201,0
2013/3/26,0.008090032,0
2013/3/27,-0.000532326,0
2013/3/28,0.004050719,0
2013/4/1,-0.004422682,0
2013/4/2,0.005166796,0
2013/4/3,-0.010418748,0
2013/4/4,0.004106916,0
2013/4/5,-0.004297575,0
2013/4/8,0.006610602,0
2013/4/9,0.003540565,0
2013/4/10,0.012183129,0
2013/4/11,0.003634637,0
2013/4/12,-0.002817802,0
2013/4/15,-0.023234989,0
2013/4/16,0.014201751,0
2013/4/17,-0.014425649,0
2013/4/18,-0.006692261,0
2013/4/19,0.008851115,0
2013/4/22,0.004668954,0
2013/4/23,0.010362671,0
2013/4/24,0.000134421,0
2013/4/25,0.004058519,0
2013/4/26,-0.001800442,0
2013/4/29,0.007180623,0
2013/4/30,0.002492639,0
2013/5/1,-0.009301403,0
2013/5/2,0.009443773,0
2013/5/3,0.010589941,0
2013/5/6,0.001911354,0
2013/5/7,0.005273298,0
2013/5/8,0.004562951,0
2013/5/9,-0.003228288,0
2013/5/10,0.004323059,0
2013/5/13,0.000138708,0
2013/5/14,0.010306175,0
2013/5/15,0.005414392,0
2013/5/16,-0.004978354,0
2013/5/17,0.010268421,0
2013/5/20,-0.000687436,0
2013/5/21,0.001748664,0
2013/5/22,-0.008193655,0
2013/5/23,-0.002783946,0
2013/5/24,-0.000529656,0
2013/5/28,0.006336411,0
2013/5/29,-0.006916001,0
2013/5/30,0.003830766,0
2013/5/31,-0.014406719,0
2013/6/3,0.006020332,0
2013/6/4,-0.005483698,0
2013/6/5,-0.01362607,0
2013/6/6,0.008593043,0
2013/6/7,0.01276641,0
2013/6/10,-0.000285269,0
2013/6/11,-0.010199027,0
2013/6/12,-0.008169039,0
2013/6/13,0.014821684,0
2013/6/14,-0.005899912,0
2013/6/17,0.007551709,0
2013/6/18,0.007777418,0
2013/6/19,-0.013940953,0
2013/6/20,-0.025170749,0
2013/6/21,0.002669079,0
2013/6/24,-0.012217848,0
2013/6/25,0.009549479,0
2013/6/26,0.009748466,0
2013/6/27,0.006265312,0
2013/6/28,-0.004290136,0
2013/7/1,0.005509477,0
2013/7/2,-0.000326245,0
2013/7/3,0.000829535,0
2013/7/5,0.010151745,0
2013/7/8,0.005537404,0
2013/7/9,0.007219169,0
2013/7/10,0.000224218,0
2013/7/11,0.013566984,0
2013/7/12,0.003080233,0
2013/7/15,0.001376624,0
2013/7/16,-0.003716641,0
2013/7/17,0.002881383,0
2013/7/18,0.005130407,0
2013/7/19,0.001637664,0
2013/7/22,0.002049706,0
2013/7/23,-0.001853792,0
2013/7/24,-0.00380606,0
2013/7/25,0.002571395,0
2013/7/26,0.00083182,0
2013/7/29,-0.003684027,0
2013/7/30,0.000408338,0
2013/7/31,1.27E-05,0
2013/8/1,0.012562809,0
2013/8/2,0.001660679,0
2013/8/5,-0.001383158,0
2013/8/6,-0.005709264,0
2013/8/7,-0.003494152,0
2013/8/8,0.004106793,0
2013/8/9,-0.003388971,0
2013/8/12,-0.001121678,0
2013/8/13,0.002994762,0
2013/8/14,-0.004991152,0
2013/8/15,-0.014216627,0
2013/8/16,-0.003258509,0
2013/8/19,-0.005851596,0
2013/8/20,0.003853648,0
2013/8/21,-0.005745709,0
2013/8/22,0.008589451,0
2013/8/23,0.004094041,0
2013/8/26,-0.00403472,0
2013/8/27,-0.016006027,0
2013/8/28,0.002936831,0
2013/8/29,0.002105394,0
2013/8/30,-0.003092203,0
2013/9/3,0.004210166,0
2013/9/4,0.008314227,0
2013/9/5,0.001238701,0
2013/9/6,0.000179689,0
2013/9/9,0.010003369,0
2013/9/10,0.007325124,0
2013/9/11,0.003185808,0
2013/9/12,-0.00309985,0
2013/9/13,0.002718833,0
2013/9/16,0.005681901,0
2013/9/17,0.004225042,0
2013/9/18,0.012115451,0
2013/9/19,-0.001689215,0
2013/9/20,-0.007235023,0
2013/9/23,-0.004728702,0
2013/9/24,-0.002496619,0
2013/9/25,-0.002715146,0
2013/9/26,0.003670918,0
2013/9/27,-0.004026029,0
2013/9/30,-0.006000601,0
2013/10/1,0.008034158,0
2013/10/2,-0.000472605,0
2013/10/3,-0.009018193,0
2013/10/4,0.007064219,0
2013/10/7,-0.008543042,0
2013/10/8,-0.012098763,0
2013/10/9,0.000672438,0
2013/10/10,0.021750316,0
2013/10/11,0.006266002,0
2013/10/14,0.004071693,0
2013/10/15,-0.007085675,0
2013/10/16,0.013843444,0
2013/10/17,0.006767653,0
2013/10/18,0.006553034,0
2013/10/21,0.000102056,0
2013/10/22,0.005723796,0
2013/10/23,-0.004726889,0
2013/10/24,0.003268572,0
2013/10/25,0.004383222,0
2013/10/28,0.001336298,0
2013/10/29,0.005623174,0
2013/10/30,-0.004808219,0
2013/10/31,-0.003764308,0
2013/11/1,0.002902965,0
2013/11/4,0.0035717,0
2013/11/5,-0.00269988,0
2013/11/6,0.00480343,0
2013/11/7,-0.013040226,0
2013/11/8,0.013349802,0
2013/11/11,0.000726497,0
2013/11/12,-0.002307605,0
2013/11/13,0.008360127,0
2013/11/14,0.00500964,0
2013/11/15,0.00422001,0
2013/11/18,-0.003653941,0
2013/11/19,-0.001859181,0
2013/11/20,-0.003592934,0
2013/11/21,0.008161931,0
2013/11/22,0.005083564,0
2013/11/25,-0.001242358,0
2013/11/26,0.000256589,0
2013/11/27,0.002716178,0
2013/11/29,-0.000747466,0
2013/12/2,-0.002681933,0
2013/12/3,-0.003138195,0
2013/12/4,-0.001047531,0
2013/12/5,-0.004315267,0
2013/12/6,0.011267345,0
2013/12/9,0.001853264,0
2013/12/10,-0.003176963,0
2013/12/11,-0.011270141,0
2013/12/12,-0.003510124,0
2013/12/13,-8.08E-05,0
2013/12/16,0.00631176,0
2013/12/17,-0.003093887,0
2013/12/18,0.016545791,0
2013/12/19,-0.000441928,0
2013/12/20,0.004809396,0
2013/12/23,0.005454156,0
2013/12/24,0.003023839,0
2013/12/26,0.004734863,0
2013/12/27,-0.000149868,0
2013/12/30,-0.000106587,0
2013/12/31,0.004013672,0
2014/1/2,-0.008754012,0
2014/1/3,-0.000305521,0
2014/1/6,-0.002498795,0
2014/1/7,0.006073389,0
2014/1/8,8.73E-05,0
2014/1/9,0.000343207,0
2014/1/10,0.002307824,0
2014/1/13,-0.012545052,0
2014/1/14,0.010764845,0
2014/1/15,0.005178337,0
2014/1/16,-0.001322555,0
2014/1/17,-0.003885777,0
2014/1/21,0.002792634,0
2014/1/22,0.000694979,0
2014/1/23,-0.008916941,0
2014/1/24,-0.021092196,0
2014/1/27,-0.004851634,0
2014/1/28,0.00612271,0
2014/1/29,-0.010154499,0
2014/1/30,0.011261022,0
2014/1/31,-0.006485116,0
2014/2/3,-0.023097602,0
2014/2/4,0.007666521,0
2014/2/5,-0.001728367,0
2014/2/6,0.012870286,0
2014/2/7,0.013212811,0
2014/2/10,0.00159086,0
2014/2/11,0.011053179,0
2014/2/12,0.000223472,0
2014/2/13,0.005897045,0
2014/2/14,0.004880773,0
2014/2/18,0.001316069,0
2014/2/19,-0.006496204,0
2014/2/20,0.006191743,0
2014/2/21,-0.001784832,0
2014/2/24,0.006177233,0
2014/2/25,-0.001326959,0
2014/2/26,0.000216515,0
2014/2/27,0.005076296,0
2014/2/28,0.002789652,0
2014/3/3,-0.007353305,0
2014/3/4,0.015168533,0
2014/3/5,0.000136638,0
2014/3/6,0.001892639,0
2014/3/7,0.000615401,0
2014/3/10,-0.000400367,0
2014/3/11,-0.005054425,0
2014/3/12,0.000564616,0
2014/3/13,-0.011642727,0
2014/3/14,-0.002800339,0
2014/3/17,0.009570952,0
2014/3/18,0.007219574,0
2014/3/19,-0.006150799,0
2014/3/20,0.006036981,0
2014/3/21,-0.00293292,0
2014/3/24,-0.004874634,0
2014/3/25,0.004494625,0
2014/3/26,-0.006995837,0
2014/3/27,-0.001728357,0
2014/3/28,0.004668027,0
2014/3/31,0.007936282,0
2014/4/1,0.007083402,0
2014/4/2,0.00302175,0
2014/4/3,-0.00111447,0
2014/4/4,-0.012583844,0
2014/4/7,-0.010802304,0
2014/4/8,0.004071622,0
2014/4/9,0.010945185,0
2014/4/10,-0.021103635,0
2014/4/11,-0.009430865,0
2014/4/14,0.008190634,0
2014/4/15,0.00673631,0
2014/4/16,0.010458741,0
2014/4/17,0.001407232,0
2014/4/21,0.003783032,0
2014/4/22,0.004085786,0
2014/4/23,-0.00209,0
2014/4/24,0.001740544,0
2014/4/25,-0.008129356,0
2014/4/28,0.003292872,0
2014/4/29,0.004768053,0
2014/4/30,0.003034184,0
2014/5/1,-7.73E-05,0
2014/5/2,-0.00135201,0
2014/5/5,0.001947385,0
2014/5/6,-0.009006031,0
2014/5/7,0.006023538,0
2014/5/8,-0.00112147,0
2014/5/9,0.001698233,0
2014/5/12,0.009664548,0
2014/5/13,0.000666539,0
2014/5/14,-0.004517525,0
2014/5/15,-0.009216465,0
2014/5/16,0.003743735,0
2014/5/19,0.003913739,0
2014/5/20,-0.006486845,0
2014/5/21,0.008223332,0
2014/5/22,0.002499475,0
2014/5/23,0.004253295,0
2014/5/27,0.005977881,0
2014/5/28,-0.000959342,0
2014/5/29,0.005478648,0
2014/5/30,0.001849545,0
2014/6/2,0.000817988,0
2014/6/3,-0.000325622,0
2014/6/4,0.00206822,0
2014/6/5,0.006570402,0
2014/6/6,0.004762556,0
2014/6/9,0.000987334,0
2014/6/10,-0.000239522,0
2014/6/11,-0.003431505,0
2014/6/12,-0.00682902,0
2014/6/13,0.003145893,0
2014/6/16,0.000842346,0
2014/6/17,0.002190197,0
2014/6/18,0.007699373,0
2014/6/19,0.001417282,0
2014/6/20,0.001733979,0
2014/6/23,-0.000131069,0
2014/6/24,-0.00636823,0
2014/6/25,0.004910121,0
2014/6/26,-0.001007844,0
2014/6/27,0.001961485,0
2014/6/30,-0.000327351,0
2014/7/1,0.006835468,0
2014/7/2,0.000716636,0
2014/7/3,0.005467395,0
2014/7/7,-0.003893661,0
2014/7/8,-0.00677849,0
2014/7/9,0.004694723,0
2014/7/10,-0.004142991,0
2014/7/11,0.001565933,0
2014/7/14,0.004834322,0
2014/7/15,-0.001928578,0
2014/7/16,0.004307648,0
2014/7/17,-0.011805941,0
2014/7/18,0.010217829,0
2014/7/21,-0.002292349,0
2014/7/22,0.005003676,0
2014/7/23,0.001763339,0
2014/7/24,0.000500943,0
2014/7/25,-0.004842682,0
2014/7/28,0.000291429,0
2014/7/29,-0.004490069,0
2014/7/30,0.000225794,0
2014/7/31,-0.020137313,0
2014/8/1,-0.002863773,0
2014/8/4,0.007168273,0
2014/8/5,-0.009637269,0
2014/8/6,0.000316489,0
2014/8/7,-0.005328797,0
2014/8/8,0.011491088,0
2014/8/11,0.002938757,0
2014/8/12,-0.001585036,0
2014/8/13,0.00694006,0
2014/8/14,0.004386337,0
2014/8/15,5.83E-05,0
2014/8/18,0.008558573,0
2014/8/19,0.005185953,0
2014/8/20,0.002539443,0
2014/8/21,0.00297025,0
2014/8/22,-0.001859384,0
2014/8/25,0.004791376,0
2014/8/26,0.001058125,0
2014/8/27,0.000257413,0
2014/8/28,-0.001558143,0
2014/8/29,0.003397434,0
2014/9/2,-0.000499117,0
2014/9/3,-0.000595808,0
2014/9/4,-0.001506897,0
2014/9/5,0.00504686,0
2014/9/8,-0.002904886,0
2014/9/9,-0.006550566,0
2014/9/10,0.003741588,0
2014/9/11,0.001158095,0
2014/9/12,-0.00595915,0
2014/9/15,-0.000701397,0
2014/9/16,0.007468603,0
2014/9/17,0.00131887,0
2014/9/18,0.00501977,0
2014/9/19,-0.000465735,0
2014/9/22,-0.00804478,0
2014/9/23,-0.005690545,0
2014/9/24,0.00782092,0
2014/9/25,-0.016302257,0
2014/9/26,0.008725345,0
2014/9/29,-0.002464138,0
2014/9/30,-0.002737709,0
2014/10/1,-0.01324568,0
2014/10/2,9.00E-05,0
2014/10/3,0.011118406,0
2014/10/6,-0.001539287,0
2014/10/7,-0.015237218,0
2014/10/8,0.017650616,0
2014/10/9,-0.020826453,0
2014/10/10,-0.011413689,0
2014/10/13,-0.016607241,0
2014/10/14,0.001583755,0
2014/10/15,-0.008037049,0
2014/10/16,0.000177597,0
2014/10/17,0.012801886,0
2014/10/20,0.00911894,0
2014/10/21,0.019404312,0
2014/10/22,-0.007213495,0
2014/10/23,0.012229291,0
2014/10/24,0.007038746,0
2014/10/27,-0.001493932,0
2014/10/28,0.011865941,0
2014/10/29,-0.00128261,0
2014/10/30,0.006282298,0
2014/10/31,0.011666743,0
2014/11/3,-0.000110876,0
2014/11/4,-0.002830139,0
2014/11/5,0.006031625,0
2014/11/6,0.004073365,0
2014/11/7,0.000542691,0
2014/11/10,0.003173907,0
2014/11/11,0.000697023,0
2014/11/12,-0.000414823,0
2014/11/13,0.000613845,0
2014/11/14,0.000359804,0
2014/11/17,0.000787089,0
2014/11/18,0.005319457,0
2014/11/19,-0.00143977,0
2014/11/20,0.002007952,0
2014/11/21,0.005363115,0
2014/11/24,0.002873297,0
2014/11/25,-0.001041834,0
2014/11/26,0.003032773,0
2014/11/28,-0.00249915,0
2014/12/1,-0.006810189,0
2014/12/2,0.006415558,0
2014/12/3,0.004020794,0
2014/12/4,-0.001146018,0
2014/12/5,0.001671102,0
2014/12/8,-0.007135085,0
2014/12/9,-0.000230671,0
2014/12/10,-0.016414238,0
2014/12/11,0.004795115,0
2014/12/12,-0.016306242,0
2014/12/15,-0.006333799,0
2014/12/16,-0.00852726,0
2014/12/17,0.020197188,0
2014/12/18,0.023885243,0
2014/12/19,0.004564935,0
2014/12/22,0.00394289,0
2014/12/23,0.001794683,0
2014/12/24,-0.000101034,0
2014/12/26,0.003303646,0
2014/12/29,0.001033993,0
2014/12/30,-0.004784412,0
2014/12/31,-0.010358586,0
2015/1/2,-0.000201642,0
2015/1/5,-0.018383069,0
2015/1/6,-0.008930217,0
2015/1/7,0.011874231,0
2015/1/8,0.017750719,0
2015/1/9,-0.0084365,0
2015/1/12,-0.008124663,0
2015/1/13,-0.002480897,0
2015/1/14,-0.005799058,0
2015/1/15,-0.009266288,0
2015/1/16,0.013346726,0
2015/1/20,0.001581542,0
2015/1/21,0.004840055,0
2015/1/22,0.015161269,0
2015/1/23,-0.005503797,0
2015/1/26,0.002573712,0
2015/1/27,-0.01347779,0
2015/1/28,-0.013503564,0
2015/1/29,0.009560587,0
2015/1/30,-0.013060474,0
2015/2/2,0.012903619,0
2015/2/3,0.014359246,0
2015/2/4,-0.003865514,0
2015/2/5,0.010438167,0
2015/2/6,-0.003155859,0
2015/2/9,-0.004208626,0
2015/2/10,0.01066591,0
2015/2/11,0.000316187,0
2015/2/12,0.009839677,0
2015/2/13,0.004147539,0
2015/2/17,0.001753592,0
2015/2/18,-0.000271299,0
2015/2/19,-0.000900536,0
2015/2/20,0.006231314,0
2015/2/23,-0.000294965,0
2015/2/24,0.002787984,0
2015/2/25,-0.00059988,0
2015/2/26,-0.001312494,0
2015/2/27,-0.002953154,0
2015/3/2,0.006164463,0
2015/3/3,-0.00453689,0
2015/3/4,-0.004194219,0
2015/3/5,0.00124025,0
2015/3/6,-0.014149333,0
2015/3/9,0.00403122,0
2015/3/10,-0.017041535,0
2015/3/11,-0.001765074,0
2015/3/12,0.012774723,0
2015/3/13,-0.006070873,0
2015/3/16,0.013460921,0
2015/3/17,-0.003324296,0
2015/3/18,0.012109366,0
2015/3/19,-0.004872017,0
2015/3/20,0.008972483,0
2015/3/23,-0.001745798,0
2015/3/24,-0.00607397,0
2015/3/25,-0.014644852,0
2015/3/26,-0.002353785,0
2015/3/27,0.002557925,0
2015/3/30,0.012254575,0
2015/3/31,-0.008734313,0
2015/4/1,-0.003847592,0
2015/4/2,0.003551643,0
2015/4/6,0.006593369,0
2015/4/7,-0.00204554,0
2015/4/8,0.003060873,0
2015/4/9,0.004449286,0
2015/4/10,0.00518665,0
2015/4/13,-0.004500963,0
2015/4/14,0.001631191,0
2015/4/15,0.00513601,0
2015/4/16,-0.000754584,0
2015/4/17,-0.011374579,0
2015/4/20,0.009216775,0
2015/4/21,-0.001465207,0
2015/4/22,0.005107654,0
2015/4/23,0.002451443,0
2015/4/24,0.002254708,0
2015/4/27,-0.004147564,0
2015/4/28,0.002857581,0
2015/4/29,-0.003681278,0
2015/4/30,-0.010132326,0
2015/5/1,0.01086565,0
2015/5/4,0.002934604,0
2015/5/5,-0.011814085,0
2015/5/6,-0.004091578,0
2015/5/7,0.004017018,0
2015/5/8,0.013388356,0
2015/5/11,-0.004901757,0
2015/5/12,-0.00290044,0
2015/5/13,-8.55E-05,0
2015/5/14,0.010833636,0
2015/5/15,0.000888547,0
2015/5/18,0.003099385,0
2015/5/19,-0.000443309,0
2015/5/20,-0.000822973,0
2015/5/21,0.002473756,0
2015/5/22,-0.002223225,0
2015/5/26,-0.010319459,0
2015/5/27,0.009285073,0
2015/5/28,-0.001093936,0
2015/5/29,-0.006312563,0
2015/6/1,0.002158454,0
2015/6/2,-0.00095851,0
2015/6/3,0.002303133,0
2015/6/4,-0.008641439,0
2015/6/5,-0.001397947,0
2015/6/8,-0.006325992,0
2015/6/9,0.000444265,0
2015/6/10,0.012037359,0
2015/6/11,0.002026381,0
2015/6/12,-0.006957411,0
2015/6/15,-0.004613313,0
2015/6/16,0.005690096,0
2015/6/17,0.001998655,0
2015/6/18,0.009980203,0
2015/6/19,-0.005316256,0
2015/6/22,0.006075385,0
2015/6/23,0.000719086,0
2015/6/24,-0.007348637,0
2015/6/25,-0.00293828,0
2015/6/26,-0.000212781,0
2015/6/29,-0.020985687,0
2015/6/30,0.002715528,0
2015/7/1,0.007155693,0
2015/7/2,-0.000312284,0
2015/7/6,-0.003836027,0
2015/7/7,0.006073209,0
2015/7/8,-0.016493768,0
2015/7/9,0.002266107,0
2015/7/10,0.01226139,0
2015/7/13,0.011095108,0
2015/7/14,0.004450738,0
2015/7/15,-0.000720161,0
2015/7/16,0.008007087,0
2015/7/17,0.001109293,0
2015/7/20,0.000794863,0
2015/7/21,-0.004234014,0
2015/7/22,-0.002285984,0
2015/7/23,-0.005627047,0
2015/7/24,-0.010756327,0
2015/7/27,-0.005788444,0
2015/7/28,0.012316445,0
2015/7/29,0.007414324,0
2015/7/30,0.000109875,0
2015/7/31,-0.002265259,0
2015/8/3,-0.002758305,0
2015/8/4,-0.002223538,0
2015/8/5,0.00348938,0
2015/8/6,-0.007501608,0
2015/8/7,-0.00284274,0
2015/8/10,0.01275148,0
2015/8/11,-0.009417786,0
2015/8/12,0.001179532,0
2015/8/13,-0.001123357,0
2015/8/14,0.003909479,0
2015/8/17,0.005384939,0
2015/8/18,-0.002440202,0
2015/8/19,-0.008223768,0
2015/8/20,-0.021322768,0
2015/8/21,-0.032207712,1
2015/8/24,-0.040182477,1
2015/8/25,-0.013603577,1
2015/8/26,0.038370303,1
2015/8/27,0.024109844,1
2015/8/28,0.000731989,1
2015/8/31,-0.00830984,1
2015/9/1,-0.029973106,1
2015/9/2,0.018295549,1
2015/9/3,0.001217251,1
2015/9/4,-0.015367327,1
2015/9/8,0.024890776,1
2015/9/9,-0.013909397,1
2015/9/10,0.005347763,1
2015/9/11,0.004786186,1
2015/9/14,-0.004034982,1
2015/9/15,0.012762979,1
2015/9/16,0.008707501,1
2015/9/17,-0.002398207,1
2015/9/18,-0.016288506,1
2015/9/21,0.00456529,1
2015/9/22,-0.012367319,1
2015/9/23,-0.002001334,1
2015/9/24,-0.003367687,1
2015/9/25,-0.000462605,1
2015/9/28,-0.025704251,1
2015/9/29,0.001288537,1
2015/9/30,0.018958067,1
2015/10/1,0.002042632,1
2015/10/2,0.014311473,1
2015/10/5,0.018176947,1
2015/10/6,-0.003598028,0
2015/10/7,0.008390608,0
2015/10/8,0.008784578,0
2015/10/9,0.000756229,0
2015/10/12,0.001271545,0
2015/10/13,-0.00674964,0
2015/10/14,-0.004669355,0
2015/10/15,0.014796322,0
2015/10/16,0.004559174,0
2015/10/19,0.000286984,0
2015/10/20,-0.001398173,0
2015/10/21,-0.005712106,0
2015/10/22,0.016516263,0
2015/10/23,0.010975822,0
2015/10/26,-0.001907502,0
2015/10/27,-0.002557158,0
2015/10/28,0.011866287,0
2015/10/29,-0.000337986,0
2015/10/30,-0.004820295,0
2015/11/2,0.01180529,0
2015/11/3,0.002740222,0
2015/11/4,-0.00319523,0
2015/11/5,-0.000926998,0
2015/11/6,-0.000232651,0
2015/11/9,-0.009663304,0
2015/11/10,0.001767954,0
2015/11/11,-0.003230282,0
2015/11/12,-0.013907791,0
2015/11/13,-0.011259989,0
2015/11/16,0.014966251,0
2015/11/17,-0.001127983,0
2015/11/18,0.016114679,0
2015/11/19,-0.001082087,0
2015/11/20,0.003957065,0
2015/11/23,-0.001194313,0
2015/11/24,0.001248963,0
2015/11/25,-2.36E-05,0
2015/11/27,0.000812483,0
2015/11/30,-0.004599174,0
2015/12/1,0.010703952,0
2015/12/2,-0.010822429,0
2015/12/3,-0.014436397,0
2015/12/4,0.020325447,0
2015/12/7,-0.006939472,0
2015/12/8,-0.006422601,0
2015/12/9,-0.007704227,0
2015/12/10,0.002358677,0
2015/12/11,-0.019453395,1
2015/12/14,0.004811116,1
2015/12/15,0.010570795,1
2015/12/16,0.014501041,1
2015/12/17,-0.014998891,1
2015/12/18,-0.017956806,1
2015/12/21,0.007866388,1
2015/12/22,0.008880396,1
2015/12/23,0.012420816,1
2015/12/24,-0.001598021,1
2015/12/28,-0.002177425,1
2015/12/29,0.010768477,1
2015/12/30,-0.007142324,1
2015/12/31,-0.009452767,1
2016/1/4,-0.015191466,1
2016/1/5,0.002012858,1
2016/1/6,-0.012843657,1
2016/1/7,-0.023957991,1
2016/1/8,-0.010893737,1
2016/1/11,0.000852829,1
2016/1/12,0.007774425,1
2016/1/13,-0.025167221,1
2016/1/14,0.016574172,1
2016/1/15,-0.021792008,1
2016/1/19,0.000537299,1
2016/1/20,-0.011614732,1
2016/1/21,0.005212627,1
2016/1/22,0.020084619,1
2016/1/25,-0.015756585,1
2016/1/26,0.014047317,1
2016/1/27,-0.010857519,1
2016/1/28,0.005602362,1
2016/1/29,0.024478612,1
2016/2/1,-0.000413086,1
2016/2/2,-0.018891488,1
2016/2/3,0.005322206,1
2016/2/4,0.001724869,1
2016/2/5,-0.01859981,1
2016/2/8,-0.014162178,1
2016/2/9,-0.000452858,1
2016/2/10,0.000154144,1
2016/2/11,-0.012189674,1
2016/2/12,0.019436677,1
2016/2/16,0.016710063,1
2016/2/17,0.016449254,0
2016/2/18,-0.004623913,0
2016/2/19,0.000118409,0
2016/2/22,0.014350461,0
2016/2/23,-0.012471139,0
2016/2/24,0.004481322,0
2016/2/25,0.011523097,0
2016/2/26,-0.001755097,0
2016/2/29,-0.008061306,0
2016/3/1,0.02360548,0
2016/3/2,0.004270969,0
2016/3/3,0.00359473,0
2016/3/4,0.003321469,0
2016/3/7,0.000951491,0
2016/3/8,-0.011116481,0
2016/3/9,0.005212225,0
2016/3/10,0.000218338,0
2016/3/11,0.016539929,0
2016/3/14,-0.001196482,0
2016/3/15,-0.00182143,0
2016/3/16,0.005650446,0
2016/3/17,0.0065852,0
2016/3/18,0.004393942,0
2016/3/21,0.000990643,0
2016/3/22,-0.000724334,0
2016/3/23,-0.006404285,0
2016/3/24,-0.000377496,0
2016/3/28,0.000554308,0
2016/3/29,0.008981401,0
2016/3/30,0.004444269,0
2016/3/31,-0.002038141,0
2016/4/1,0.006318568,0
2016/4/4,-0.002995763,0
2016/4/5,-0.010195121,0
2016/4/6,0.010814846,0
2016/4/7,-0.012012729,0
2016/4/8,0.002792312,0
2016/4/11,-0.0027439,0
2016/4/12,0.009648096,0
2016/4/13,0.010139899,0
2016/4/14,0.000274015,0
2016/4/15,-0.000984917,0
2016/4/18,0.006538054,0
2016/4/19,0.003078828,0
2016/4/20,0.000818075,0
2016/4/21,-0.005179863,0
2016/4/22,5.11E-05,0
2016/4/25,-0.001811392,0
2016/4/26,0.001868286,0
2016/4/27,0.001724093,0
2016/4/28,-0.009205222,0
2016/4/29,-0.005067989,0
2016/5/2,0.007788267,0
2016/5/3,-0.008688592,0
2016/5/4,-0.00573951,0
2016/5/5,1.55E-06,0
2016/5/6,0.003303876,0
2016/5/9,0.00076277,0
2016/5/10,0.012424618,0
2016/5/11,-0.009080929,0
2016/5/12,-7.25E-05,0
2016/5/13,-0.008434151,0
2016/5/16,0.009848523,0
2016/5/17,-0.009146105,0
2016/5/18,0.000354519,0
2016/5/19,-0.003703139,0
2016/5/20,0.006159825,0
2016/5/23,-0.002051564,0
2016/5/24,0.013611531,0
2016/5/25,0.007011268,0
2016/5/26,-6.95E-05,0
2016/5/27,0.004456276,0
2016/5/31,-0.000938429,0
2016/6/1,0.001300081,0
2016/6/2,0.002938074,0
2016/6/3,-0.002904263,0
2016/6/6,0.00491042,0
2016/6/7,0.001310047,0
2016/6/8,0.003509164,0
2016/6/9,-0.001676074,0
2016/6/10,-0.009203028,0
2016/6/13,-0.007849749,0
2016/6/14,-0.001732272,0
2016/6/15,-0.00176287,0
2016/6/16,0.003292205,0
2016/6/17,-0.003260013,0
2016/6/20,0.005798723,0
2016/6/21,0.002797011,0
2016/6/22,-0.00164398,0
2016/6/23,0.013288611,0
2016/6/24,-0.036583611,0
2016/6/27,-0.018262198,0
2016/6/28,0.017832573,0
2016/6/29,0.017016062,0
2016/6/30,0.013472976,0
2016/7/1,0.002132694,0
2016/7/5,-0.00680236,0
2016/7/6,0.005691772,0
2016/7/7,-0.00077341,0
2016/7/8,0.01514154,0
2016/7/11,0.003403594,0
2016/7/12,0.006990245,0
2016/7/13,0.000226407,0
2016/7/14,0.005267269,0
2016/7/15,-0.000927576,0
2016/7/18,0.00241952,0
2016/7/19,-0.001411591,0
2016/7/20,0.004385413,0
2016/7/21,-0.003602007,0
2016/7/22,0.004548403,0
2016/7/25,-0.003010476,0
2016/7/26,0.000352266,0
2016/7/27,-0.001161291,0
2016/7/28,0.001690675,0
2016/7/29,0.001644074,0
2016/8/1,-0.00127046,0
2016/8/2,-0.006355809,0
2016/8/3,0.003435469,0
2016/8/4,0.000464832,0
2016/8/5,0.008586892,0
2016/8/8,-0.00081493,0
2016/8/9,0.000428598,0
2016/8/10,-0.002497454,0
2016/8/11,0.004856174,0
2016/8/12,-0.000745682,0
2016/8/15,0.002908585,0
2016/8/16,-0.005316285,0
2016/8/17,0.002114635,0
2016/8/18,0.002224703,0
2016/8/19,-0.001304967,0
2016/8/22,-0.000544783,0
2016/8/23,0.001977285,0
2016/8/24,-0.005199886,0
2016/8/25,-0.001349461,0
2016/8/26,-0.001556626,0
2016/8/29,0.005349635,0
2016/8/30,-0.001793111,0
2016/8/31,-0.002194284,0
2016/9/1,-2.72E-05,0
2016/9/2,0.004244442,0
2016/9/6,0.002995727,0
2016/9/7,9.47E-05,0
2016/9/8,-0.002182355,0
2016/9/9,-0.024814353,0
2016/9/12,0.014625611,0
2016/9/13,-0.014633037,0
2016/9/14,-0.000518956,0
2016/9/15,0.010223139,0
2016/9/16,-0.003768996,0
2016/9/19,-9.10E-06,0
2016/9/20,0.000311472,0
2016/9/21,0.010868349,0
2016/9/22,0.006497204,0
2016/9/23,-0.005752158,0
2016/9/26,-0.008541273,0
2016/9/27,0.006470167,0
2016/9/28,0.005503835,0
2016/9/29,-0.009339719,0
2016/9/30,0.007941544,0
2016/10/3,-0.003142715,0
2016/10/4,-0.004871964,0
2016/10/5,0.004692791,0
2016/10/6,0.000509439,0
2016/10/7,-0.003227012,0
2016/10/10,0.004596074,0
2016/10/11,-0.012519724,0
2016/10/12,0.0012286,0
2016/10/13,-0.003067678,0
2016/10/14,0.000202866,0
2016/10/17,-0.00301345,0
2016/10/18,0.006141688,0
2016/10/19,0.002333155,0
2016/10/20,-0.001304443,0
2016/10/21,-8.03E-05,0
2016/10/24,0.004744424,0
2016/10/25,-0.003774805,0
2016/10/26,-0.001729386,0
2016/10/27,-0.002954426,0
2016/10/28,-0.003056346,0
2016/10/31,-0.000116408,0
2016/11/1,-0.006799321,0
2016/11/2,-0.006418504,0
2016/11/3,-0.004066346,0
2016/11/4,-0.001645487,0
2016/11/7,0.021993012,0
2016/11/8,0.00425454,0
2016/11/9,0.011082711,0
2016/11/10,0.002043759,0
2016/11/11,-0.001397527,0
2016/11/14,2.98E-05,0
2016/11/15,0.007684375,0
2016/11/16,-0.001303421,0
2016/11/17,0.004724484,0
2016/11/18,-0.002229894,0
2016/11/21,0.007448317,0
2016/11/22,0.002207414,0
2016/11/23,0.000843264,0
2016/11/25,0.003924751,0
2016/11/28,-0.00513919,0
2016/11/29,0.001569949,0
2016/11/30,-0.002441169,0
2016/12/1,-0.003481491,0
2016/12/2,0.00039742,0
2016/12/5,0.005900826,0
2016/12/6,0.003433381,0
2016/12/7,0.013270514,0
2016/12/8,0.002256687,0
2016/12/9,0.005929304,0
2016/12/12,-0.001082279,0
2016/12/13,0.006689667,0
2016/12/14,-0.008084254,0
2016/12/15,0.003921249,0
2016/12/16,-0.001724467,0
2016/12/19,0.001997819,0
2016/12/20,0.003773921,0
2016/12/21,-0.002426536,0
2016/12/22,-0.001738572,0
2016/12/23,0.001349992,0
2016/12/27,0.002254249,0
2016/12/28,-0.0082165,0
2016/12/29,-0.000247504,0
2016/12/30,-0.004599955,0
2017/1/3,0.008474358,0
2017/1/4,0.005932666,0
2017/1/5,-0.000760065,0
2017/1/6,0.003818676,0
2017/1/9,-0.003550121,0
2017/1/10,4.61E-06,0
2017/1/11,0.002917623,0
2017/1/12,-0.002122989,0
2017/1/13,0.001845793,0
2017/1/17,-0.002971461,0
2017/1/18,0.001926114,0
2017/1/19,-0.003597942,0
2017/1/20,0.003391273,0
2017/1/23,-0.002665663,0
2017/1/24,0.006545192,0
2017/1/25,0.007995362,0
2017/1/26,-0.000714904,0
2017/1/27,-0.000813591,0
2017/1/30,-0.005982295,0
2017/1/31,-0.000883821,0
2017/2/1,0.000525114,0
2017/2/2,0.000630231,0
2017/2/3,0.007325921,0
2017/2/6,-0.002112329,0
2017/2/7,0.000273228,0
2017/2/8,0.001011821,0
2017/2/9,0.005921233,0
2017/2/10,0.003617918,0
2017/2/13,0.005487437,0
2017/2/14,0.004285588,0
2017/2/15,0.005123511,0
2017/2/16,-0.000762176,0
2017/2/17,0.001697769,0
2017/2/21,0.006031215,0
2017/2/22,-0.000992449,0
2017/2/23,0.000534637,0
2017/2/24,0.001733286,0
2017/2/27,0.001157891,0
2017/2/28,-0.002552044,0
2017/3/1,0.013761273,0
2017/3/2,-0.005796693,0
2017/3/3,0.000531465,0
2017/3/6,-0.003259966,0
2017/3/7,-0.002850843,0
2017/3/8,-0.001997482,0
2017/3/9,0.000810974,0
2017/3/10,0.003281918,0
2017/3/13,0.000693984,0
2017/3/14,-0.003337549,0
2017/3/15,0.00837265,0
2017/3/16,-0.001591853,0
2017/3/17,-0.001310086,0
2017/3/20,-0.001983714,0
2017/3/21,-0.012396353,0
2017/3/22,0.001923507,0
2017/3/23,-0.001047637,0
2017/3/24,-0.000846099,0
2017/3/27,-0.001019156,0
2017/3/28,0.007233817,0
2017/3/29,0.001287926,0
2017/3/30,0.002962304,0
2017/3/31,-0.002256491,0
2017/4/3,-0.001596174,0
2017/4/4,0.0007221,0
2017/4/5,-0.002957007,0
2017/4/6,0.002224092,0
2017/4/7,-0.000821803,0
2017/4/10,0.000743008,0
2017/4/11,-0.001294052,0
2017/4/12,-0.003752243,0
2017/4/13,-0.006832652,0
2017/4/17,0.008580107,0
2017/4/18,-0.002879477,0
2017/4/19,-0.001580091,0
2017/4/20,0.00755466,0
2017/4/21,-0.003039288,0
2017/4/24,0.010799334,0
2017/4/25,0.00607383,0
2017/4/26,-0.000474992,0
2017/4/27,0.00065439,0
2017/4/28,-0.001906218,0
2017/5/1,0.001734876,0
2017/5/2,0.001187899,0
2017/5/3,-0.001071418,0
2017/5/4,0.000636375,0
2017/5/5,0.004093008,0
2017/5/8,0.000139316,0
2017/5/9,-0.000981474,0
2017/5/10,0.001514292,0
2017/5/11,-0.001843978,0
2017/5/12,-0.001460819,0
2017/5/15,0.004888793,0
2017/5/16,-0.000487632,0
2017/5/17,-0.018044886,0
2017/5/18,0.003698185,0
2017/5/19,0.0067671,0
2017/5/22,0.005167572,0
2017/5/23,0.001857288,0
2017/5/24,0.002524137,0
2017/5/25,0.004569915,0
2017/5/26,0.000443,0
2017/5/30,-0.001051748,0
2017/5/31,-0.000305158,0
2017/6/1,0.007663905,0
2017/6/2,0.003716796,0
2017/6/5,-0.001181758,0
2017/6/6,-0.0027801,0
2017/6/7,0.001775977,0
2017/6/8,0.000294482,0
2017/6/9,-0.0008272,0
2017/6/12,-0.000907062,0
2017/6/13,0.00475717,0
2017/6/14,-0.000923772,0
2017/6/15,-0.002057805,0
2017/6/16,0.000291402,0
2017/6/19,0.008324163,0
2017/6/20,-0.00670936,0
2017/6/21,-0.000494081,0
2017/6/22,-0.000446435,0
2017/6/23,0.001559528,0
2017/6/26,0.00032657,0
2017/6/27,-0.008105381,0
2017/6/28,0.008967293,0
2017/6/29,-0.008605418,0
2017/6/30,0.001583217,0
2017/7/3,0.002401376,0
2017/7/5,0.001648033,0
2017/7/6,-0.009049748,0
2017/7/7,0.006394088,0
2017/7/10,0.000930433,0
2017/7/11,-0.000768649,0
2017/7/12,0.007365603,0
2017/7/13,0.001898084,0
2017/7/14,0.004678365,0
2017/7/17,-2.06E-05,0
2017/7/18,0.000619214,0
2017/7/19,0.005448008,0
2017/7/20,-8.49E-05,0
2017/7/21,-0.000369327,0
2017/7/24,-0.001040709,0
2017/7/25,0.002916275,0
2017/7/26,0.000285522,0
2017/7/27,-0.000867888,0
2017/7/28,-0.001305548,0
2017/7/31,-0.000723365,0
2017/8/1,0.002448744,0
2017/8/2,0.000684642,0
2017/8/3,-0.001997591,0
2017/8/4,0.001906346,0
2017/8/7,0.001674067,0
2017/8/8,-0.002297342,0
2017/8/9,-0.000246785,0
2017/8/10,-0.014215891,0
2017/8/11,0.001341153,0
2017/8/14,0.010046466,0
2017/8/15,-0.000267251,0
2017/8/16,0.001701851,0
2017/8/17,-0.01551142,0
2017/8/18,-0.001810881,0
2017/8/21,0.001190887,0
2017/8/22,0.009927765,0
2017/8/23,-0.003368885,0
2017/8/24,-0.002057577,0
2017/8/25,0.001784338,0
2017/8/28,0.000529928,0
2017/8/29,0.000982202,0
2017/8/30,0.00486299,0
2017/8/31,0.005748794,0
2017/9/1,0.002046482,0
2017/9/5,-0.007580461,0
2017/9/6,0.003132355,0
2017/9/7,5.02E-05,0
2017/9/8,-0.001447071,0
2017/9/11,0.010794556,0
2017/9/12,0.003417477,0
2017/9/13,0.000771507,0
2017/9/14,-0.000776259,0
2017/9/15,0.001971693,0
2017/9/18,0.00149244,0
2017/9/19,0.00112003,0
2017/9/20,0.000634168,0
2017/9/21,-0.003017125,0
2017/9/22,0.00066968,0
2017/9/25,-0.002225131,0
2017/9/26,0.000149914,0
2017/9/27,0.004077662,0
2017/9/28,0.001413581,0
2017/9/29,0.00372237,0
2017/10/2,0.003869576,0
2017/10/3,0.002200182,0
2017/10/4,0.001313159,0
2017/10/5,0.005802973,0
2017/10/6,-0.000758033,0
2017/10/9,-0.001807013,0
2017/10/10,0.002347572,0
2017/10/11,0.001819309,0
2017/10/12,-0.001600624,0
2017/10/13,0.00089121,0
2017/10/16,0.001769973,0
2017/10/17,0.000671334,0
2017/10/18,0.00078309,0
2017/10/19,0.000410711,0
2017/10/20,0.005170597,0
2017/10/23,-0.003956337,0
2017/10/24,0.001643779,0
2017/10/25,-0.00467525,0
2017/10/26,0.001270363,0
2017/10/27,0.008041424,0
2017/10/30,-0.003117518,0
2017/10/31,0.000976881,0
2017/11/1,0.001589291,0
2017/11/2,0.000297362,0
2017/11/3,0.003190172,0
2017/11/6,0.001354828,0
2017/11/7,-0.000183359,0
2017/11/8,0.001461368,0
2017/11/9,-0.003524534,0
2017/11/10,-0.00053787,0
2017/11/13,0.00100521,0
2017/11/14,-0.002156798,0
2017/11/15,-0.005312691,0
2017/11/16,0.008487804,0
2017/11/17,-0.002592377,0
2017/11/20,0.001306583,0
2017/11/21,0.006535113,0
2017/11/22,-0.000662476,0
2017/11/24,0.002100846,0
2017/11/27,-0.000273524,0
2017/11/28,0.00984072,0
2017/11/29,-0.000240596,0
2017/11/30,0.008523762,0
2017/12/1,-0.00198706,0
2017/12/4,-0.001029838,0
2017/12/5,-0.003701458,0
2017/12/6,-8.94E-05,0
2017/12/7,0.003101934,0
2017/12/8,0.005595476,0
2017/12/11,0.003201334,0
2017/12/12,0.001582381,0
2017/12/13,-0.000439021,0
2017/12/14,-0.00390802,0
2017/12/15,0.00898812,0
2017/12/18,0.005390402,0
2017/12/19,-0.003220189,0
2017/12/20,-0.000697027,0
2017/12/21,0.001984322,0
2017/12/22,-0.000453261,0
2017/12/26,-0.001010685,0
2017/12/27,0.000861911,0
2017/12/28,0.002020328,0
2017/12/29,-0.005132828,0
2018/1/2,0.008314272,0
2018/1/3,0.006379566,0
2018/1/4,0.004227219,0
2018/1/5,0.00700733,0
2018/1/8,0.001679061,0
2018/1/9,0.001600233,0
2018/1/10,-0.00110583,0
2018/1/11,0.007087427,0
2018/1/12,0.006729093,0
2018/1/16,-0.003513023,0
2018/1/17,0.009369366,0
2018/1/18,-0.001528094,0
2018/1/19,0.004400052,0
2018/1/22,0.008049474,0
2018/1/23,0.002211237,0
2018/1/24,-0.000558808,0
2018/1/25,0.000604834,0
2018/1/26,0.011789164,0
2018/1/29,-0.00669601,0
2018/1/30,-0.010890212,0
2018/1/31,0.000518532,0
2018/2/1,-0.000456265,0
2018/2/2,-0.021372599,0
2018/2/5,-0.041839302,1
2018/2/6,0.017397654,1
2018/2/7,-0.004987123,1
2018/2/8,-0.038110295,1
2018/2/9,0.015149576,1
2018/2/12,0.013853011,1
2018/2/13,0.002665299,1
2018/2/14,0.013595365,1
2018/2/15,0.012236558,1
2018/2/16,0.000462395,1
2018/2/20,-0.005788494,1
2018/2/21,-0.005491895,1
2018/2/22,0.001057024,1
2018/2/23,0.015963466,1
2018/2/26,0.011809399,1
2018/2/27,-0.012643396,1
2018/2/28,-0.011053797,1
2018/3/1,-0.013256824,1
2018/3/2,0.005152046,1
2018/3/5,0.010977954,1
2018/3/6,0.002687543,1
2018/3/7,-0.00041506,1
2018/3/8,0.004723554,1
2018/3/9,0.017253149,1
2018/3/12,-0.001271062,1
2018/3/13,-0.00632497,1
2018/3/14,-0.005462583,1
2018/3/15,-0.000719711,1
2018/3/16,0.001735121,1
2018/3/19,-0.014298201,1
2018/3/20,0.001498058,1
2018/3/21,-0.001738287,1
2018/3/22,-0.025445284,1
2018/3/23,-0.021178064,1
2018/3/26,0.026795451,1
2018/3/27,-0.017424865,1
2018/3/28,-0.002752404,1
2018/3/29,0.013722645,1
2018/4/2,-0.022580053,1
2018/4/3,0.01257617,1
2018/4/4,0.011571512,1
2018/4/5,0.006983827,1
2018/4/6,-0.022143785,1
2018/4/9,0.003627495,1
2018/4/10,0.016619182,1
2018/4/11,-0.005495966,1
2018/4/12,0.008336737,1
2018/4/13,-0.002871111,1
2018/4/16,0.008102737,0
2018/4/17,0.010603328,0
2018/4/18,0.0008325,0
2018/4/19,-0.005618996,0
2018/4/20,-0.008523952,0
2018/4/23,5.58E-05,0
2018/4/24,-0.013446667,0
2018/4/25,0.001834903,0
2018/4/26,0.010383172,0
2018/4/27,0.001170148,0
2018/4/30,-0.008187203,0
2018/5/1,0.002550931,0
2018/5/2,-0.007232546,0
2018/5/3,-0.002147489,0
2018/5/4,0.012908172,0
2018/5/7,0.003470721,0
2018/5/8,-0.000255236,0
2018/5/9,0.00975172,0
2018/5/10,0.009553312,0
2018/5/11,0.002053393,0
2018/5/14,0.000928474,0
2018/5/15,-0.0068199,0
2018/5/16,0.004328957,0
2018/5/17,-0.000568215,0
2018/5/18,-0.002553558,0
2018/5/21,0.007389421,0
2018/5/22,-0.003123031,0
2018/5/23,0.003271273,0
2018/5/24,-0.001987826,0
2018/5/25,-0.00224403,0
2018/5/29,-0.011588755,0
2018/5/30,0.012794615,0
2018/5/31,-0.006683956,0
2018/6/1,0.010883009,0
2018/6/4,0.004492625,0
2018/6/5,0.000762972,0
2018/6/6,0.008560708,0
2018/6/7,-0.000534164,0
2018/6/8,0.003159914,0
2018/6/11,0.00107418,0
2018/6/12,0.001785003,0
2018/6/13,-0.003996614,0
2018/6/14,0.002773842,0
2018/6/15,-0.00091413,0
2018/6/18,-0.002112345,0
2018/6/19,-0.003983866,0
2018/6/20,0.001709131,0
2018/6/21,-0.006268334,0
2018/6/22,0.001887931,0
2018/6/25,-0.013817101,0
2018/6/26,0.002200027,0
2018/6/27,-0.008642377,0
2018/6/28,0.006294038,0
2018/6/29,0.000821705,0
2018/7/2,0.003108325,0
2018/7/3,-0.004959844,0
2018/7/5,0.008824938,0
2018/7/6,0.008515908,0
2018/7/9,0.00907313,0
2018/7/10,0.003487236,0
2018/7/11,-0.007119537,0
2018/7/12,0.00881026,0
2018/7/13,0.001082435,0
2018/7/16,-0.000980306,0
2018/7/17,0.003980154,0
2018/7/18,0.002157418,0
2018/7/19,-0.003856088,0
2018/7/20,-0.00090802,0
2018/7/23,0.00183818,0
2018/7/24,0.004819441,0
2018/7/25,0.009067207,0
2018/7/26,-0.003035813,0
2018/7/27,-0.006582346,0
2018/7/30,-0.005688135,0
2018/7/31,0.004903392,0
2018/8/1,-0.001038746,0
2018/8/2,0.005017698,0
2018/8/3,0.00476762,0
2018/8/6,0.003626395,0
2018/8/7,0.002829922,0
2018/8/8,-0.000232504,0
2018/8/9,-0.001183411,0
2018/8/10,-0.006837608,0
2018/8/13,-0.003997847,0
2018/8/14,0.006456057,0
2018/8/15,-0.007446063,0
2018/8/16,0.008186005,0
2018/8/17,0.003400044,0
2018/8/20,0.002462811,0
2018/8/21,0.002101689,0
2018/8/22,-0.000369181,0
2018/8/23,-0.001631619,0
2018/8/24,0.006190621,0
2018/8/27,0.007754885,0
2018/8/28,0.000277268,0
2018/8/29,0.005770879,0
2018/8/30,-0.004275727,0
2018/8/31,0.00023647,0
2018/9/4,-0.001562432,0
2018/9/5,-0.002799687,0
2018/9/6,-0.003363251,0
2018/9/7,-0.002133739,0
2018/9/10,0.001894204,0
2018/9/11,0.003800633,0
2018/9/12,0.000366501,0
2018/9/13,0.005532322,0
2018/9/14,0.000424245,0
2018/9/17,-0.005568664,0
2018/9/18,0.005393484,0
2018/9/19,0.001253963,0
2018/9/20,0.007854263,0
2018/9/21,-0.000346064,0
2018/9/24,-0.003520083,0
2018/9/25,-0.001233358,0
2018/9/26,-0.003297745,0
2018/9/27,0.002946094,0
2018/9/28,3.50E-05,0
2018/10/1,0.003642233,0
2018/10/2,-0.000360687,0
2018/10/3,0.000711048,0
2018/10/4,-0.007967223,0
2018/10/5,-0.00552988,0
2018/10/8,-0.000392972,0
2018/10/9,-0.001127038,0
2018/10/10,-0.033409001,1
2018/10/11,-0.02078411,1
2018/10/12,0.014212154,1
2018/10/15,-0.005899239,1
2018/10/16,0.021295117,1
2018/10/17,-0.000212004,1
2018/10/18,-0.014398691,1
2018/10/19,-0.000334659,1
2018/10/22,-0.004282334,1
2018/10/23,-0.005476599,1
2018/10/24,-0.031350587,1
2018/10/25,0.018451881,1
2018/10/26,-0.017477764,1
2018/10/29,-0.006568013,1
2018/10/30,0.0156342,1
2018/10/31,0.01082589,1
2018/11/1,0.01052936,1
2018/11/2,-0.006247444,1
2018/11/5,0.005611822,1
2018/11/6,0.006318878,1
2018/11/7,0.020998362,1
2018/11/8,-0.001986339,1
2018/11/9,-0.009069229,1
2018/11/12,-0.019899377,1
2018/11/13,-0.001447786,1
2018/11/14,-0.007335512,1
2018/11/15,0.01086139,1
2018/11/16,0.002294193,1
2018/11/19,-0.016753014,1
2018/11/20,-0.018242649,1
2018/11/21,0.003121131,1
2018/11/23,-0.006524858,1
2018/11/26,0.01553107,1
2018/11/27,0.003266238,1
2018/11/28,0.022776407,1
2018/11/29,-0.001954843,1
2018/11/30,0.008325807,1
2018/12/3,0.010881438,1
2018/12/4,-0.032841164,1
2018/12/6,-0.001208773,1
2018/12/7,-0.023434218,1
2018/12/10,0.001769942,1
2018/12/11,-0.000305848,1
2018/12/12,0.005413894,1
2018/12/13,-1.39E-05,1
2018/12/14,-0.019146482,1
2018/12/17,-0.020936431,1
2018/12/18,0.000151612,1
2018/12/19,-0.015421472,1
2018/12/20,-0.015873669,1
2018/12/21,-0.020803201,1
2018/12/24,-0.027409987,1
2018/12/26,0.048423017,1
2018/12/27,0.008617684,1
2018/12/28,-0.001078419,1
2018/12/31,0.008585536,1
2019/1/2,0.001271007,1
2019/1/3,-0.024803348,1
2019/1/4,0.033759315,1
2019/1/7,0.006988203,1
2019/1/8,0.00967056,1
2019/1/9,0.004407621,1
2019/1/10,0.004508692,1
2019/1/11,-0.000145,1
2019/1/14,-0.005156982,0
2019/1/15,0.010686138,0
2019/1/16,0.002243244,0
2019/1/17,0.007660793,0
2019/1/18,0.013125809,0
2019/1/22,-0.014218202,0
2019/1/23,0.002199211,0
2019/1/24,0.001407806,0
2019/1/25,0.008486926,0
2019/1/28,-0.007879544,0
2019/1/29,-0.001439875,0
2019/1/30,0.015540054,0
2019/1/31,0.008774493,0
2019/2/1,0.001032598,0
2019/2/4,0.006768964,0
2019/2/5,0.004707655,0
2019/2/6,-0.002129793,0
2019/2/7,-0.00925535,0
2019/2/8,0.001006787,0
2019/2/11,0.000720392,0
2019/2/12,0.012878001,0
2019/2/13,0.003100702,0
2019/2/14,-0.002306537,0
2019/2/15,0.010893026,0
2019/2/19,0.001571252,0
2019/2/20,0.001970099,0
2019/2/21,-0.003446836,0
2019/2/22,0.006422467,0
2019/2/25,0.001369574,0
2019/2/26,-0.000778487,0
2019/2/27,-0.000390548,0
2019/2/28,-0.002530589,0
2019/3/1,0.006926924,0
2019/3/4,-0.003864394,0
2019/3/5,-0.001100446,0
2019/3/6,-0.006498777,0
2019/3/7,-0.007946937,0
2019/3/8,-0.002037589,0
2019/3/11,0.01457071,0
2019/3/12,0.002995635,0
2019/3/13,0.006994669,0
2019/3/14,-0.000529667,0
2019/3/15,0.005011501,0
2019/3/18,0.003710713,0
2019/3/19,-0.000101972,0
2019/3/20,-0.002903746,0
2019/3/21,0.01084786,0
2019/3/22,-0.019078394,0
2019/3/25,-0.000763762,0
2019/3/26,0.007157895,0
2019/3/27,-0.004641224,0
2019/3/28,0.003739442,0
2019/3/29,0.006757043,0
2019/4/1,0.011510589,0
2019/4/2,5.46E-05,0
2019/4/3,0.002147124,0
2019/4/4,0.002310712,0
2019/4/5,0.004634692,0
2019/4/8,0.001065371,0
2019/4/9,-0.005780853,0
2019/4/10,0.003555142,0
2019/4/11,5.06E-05,0
2019/4/12,0.006687615,0
2019/4/15,-0.000606887,0
2019/4/16,0.000507312,0
2019/4/17,-0.002175395,0
2019/4/18,0.001601832,0
2019/4/22,0.00103833,0
2019/4/23,0.008850276,0
2019/4/24,-0.002190722,0
2019/4/25,-0.000368577,0
2019/4/26,0.004703916,0
2019/4/29,0.001116953,0
2019/4/30,0.000978793,0
2019/5/1,-0.007521153,0
2019/5/2,-0.002086573,0
2019/5/3,0.00969052,0
2019/5/6,-0.004396088,0
2019/5/7,-0.016643291,0
2019/5/8,-0.001578802,0
2019/5/9,-0.002676559,0
2019/5/10,0.004055916,0
2019/5/13,-0.02438779,0
2019/5/14,0.008097772,0
2019/5/15,0.006021961,0
2019/5/16,0.009143247,0
2019/5/17,-0.005752339,0
2019/5/20,-0.006755231,0
2019/5/21,0.008484706,0
2019/5/22,-0.002808424,0
2019/5/23,-0.011880506,0
2019/5/24,0.001501586,0
2019/5/28,-0.008404859,0
2019/5/29,-0.006907348,0
2019/5/30,0.002232113,0
2019/5/31,-0.013086026,0
2019/6/3,-0.002761782,0
2019/6/4,0.021258063,0
2019/6/5,0.00825072,0
2019/6/6,0.006388214,0
2019/6/7,0.010538259,0
2019/6/10,0.004654013,0
2019/6/11,-0.000298876,0
2019/6/12,-0.002022827,0
2019/6/13,0.00438705,0
2019/6/14,-0.001477351,0
2019/6/17,0.000937454,0
2019/6/18,0.009700275,0
2019/6/19,0.0029826,0
2019/6/20,0.009521964,0
2019/6/21,-0.001200722,0
2019/6/24,-0.001732097,0
2019/6/25,-0.009540164,0
2019/6/26,-0.001236311,0
2019/6/27,0.003967068,0
2019/6/28,0.005787969,0
2019/7/1,0.007650765,0
2019/7/2,0.002962036,0
2019/7/3,0.007882388,0
2019/7/5,-0.001701859,0
2019/7/8,-0.004833151,0
2019/7/9,0.001527764,0
2019/7/10,0.004511655,0
2019/7/11,0.002285784,0
2019/7/12,0.004706681,0
2019/7/15,0.000174306,0
2019/7/16,-0.003377803,0
2019/7/17,-0.006537624,0
2019/7/18,0.003677647,0
2019/7/19,-0.00615544,0
2019/7/22,0.002849116,0
2019/7/23,0.006842245,0
2019/7/24,0.004716555,0
2019/7/25,-0.005270786,0
2019/7/26,0.007373154,0
2019/7/29,-0.00161361,0
2019/7/30,-0.002482164,0
2019/7/31,-0.010917688,0
2019/8/1,-0.008938802,0
2019/8/2,-0.007219636,0
2019/8/5,-0.030178466,1
2019/8/6,0.013008978,1
2019/8/7,0.000794272,1
2019/8/8,0.018840166,1
2019/8/9,-0.006481414,1
2019/8/12,-0.011854167,1
2019/8/13,0.01469224,1
2019/8/14,-0.029435698,1
2019/8/15,0.002651176,1
2019/8/16,0.014486965,1
2019/8/19,0.012089561,1
2019/8/20,-0.007871195,1
2019/8/21,0.008254213,1
2019/8/22,-0.000479135,1
2019/8/23,-0.026281632,1
2019/8/26,0.011046353,1
2019/8/27,-0.003203941,1
2019/8/28,0.00656127,1
2019/8/29,0.012774571,1
2019/8/30,0.000777145,1
2019/9/3,-0.006852761,0
2019/9/4,0.010866747,0
2019/9/5,0.01315617,0
2019/9/6,0.000947824,0
2019/9/9,-1.28E-05,0
2019/9/10,0.00035425,0
2019/9/11,0.007254435,0
2019/9/12,0.003029677,0
2019/9/13,-0.000448683,0
2019/9/16,-0.003109235,0
2019/9/17,0.002581861,0
2019/9/18,0.000348372,0
2019/9/19,7.96E-05,0
2019/9/20,-0.004858905,0
2019/9/23,-9.79E-05,0
2019/9/24,-0.008370666,0
2019/9/25,0.006140383,0
2019/9/26,-0.002371217,0
2019/9/27,-0.005185668,0
2019/9/30,0.005085982,0
2019/10/1,-0.012289723,0
2019/10/2,-0.018066253,0
2019/10/3,0.00818915,0
2019/10/4,0.014119675,0
2019/10/7,-0.00448438,0
2019/10/8,-0.015659157,0
2019/10/9,0.009377336,0
2019/10/10,0.006416801,0
2019/10/11,0.010972906,0
2019/10/14,-0.001387786,0
2019/10/15,0.009908984,0
2019/10/16,-0.001934816,0
2019/10/17,0.00283569,0
2019/10/18,-0.003901047,0
2019/10/21,0.006878692,0
2019/10/22,-0.003543611,0
2019/10/23,0.002879018,0
2019/10/24,0.001920614,0
2019/10/25,0.00408189,0
2019/10/28,0.005566054,0
2019/10/29,-0.000820331,0
2019/10/30,0.003329105,0
2019/10/31,-0.002960231,0
2019/11/1,0.009703313,0
2019/11/4,0.003709279,0
2019/11/5,-0.001181579,0
2019/11/6,0.00077485,0
2019/11/7,0.003193591,0
2019/11/8,0.002740276,0
2019/11/11,-0.001967533,0
2019/11/12,0.001616455,0
2019/11/13,0.000746773,0
2019/11/14,0.001091983,0
2019/11/15,0.007841113,0
2019/11/18,0.000518335,0
2019/11/19,-0.000531162,0
2019/11/20,-0.003568386,0
2019/11/21,-0.001523051,0
2019/11/22,0.002185083,0
2019/11/25,0.007598666,0
2019/11/26,0.002218878,0
2019/11/27,0.004285714,0
2019/11/29,-0.003797035,0
2019/12/2,-0.008633634,0
2019/12/3,-0.00662772,0
2019/12/4,0.006408094,0
2019/12/5,0.001774654,0
2019/12/6,0.009142162,0
2019/12/9,-0.003084896,0
2019/12/10,-0.001063969,0
2019/12/11,0.002914006,0
2019/12/12,0.008680359,0
2019/12/13,0.000246453,0
2019/12/16,0.007150668,0
2019/12/17,0.000342135,0
2019/12/18,-0.000346926,0
2019/12/19,0.004512987,0
2019/12/20,0.004986116,0
2019/12/23,0.000864326,0
2019/12/24,-0.000124369,0
2019/12/26,0.00520658,0
2019/12/27,4.99E-05,0
2019/12/30,-0.005666122,0
2019/12/31,0.003004707,0
2020/1/2,0.008466146,0
2020/1/3,-0.00697936,0
2020/1/6,0.003531448,0
2020/1/7,-0.002706444,0
2020/1/8,0.004922754,0
2020/1/9,0.006897674,0
2020/1/10,-0.002857916,0
2020/1/13,0.006955519,0
2020/1/14,-0.001420218,0
2020/1/15,0.001886986,0
2020/1/16,0.008366712,0
2020/1/17,0.003877314,0
2020/1/21,-0.002637245,0
2020/1/22,0.000324939,0
2020/1/23,0.001213546,0
2020/1/24,-0.009055572,0
2020/1/27,-0.015857326,0
2020/1/28,0.010024517,0
2020/1/29,-0.000844726,0
2020/1/30,0.003280011,0
2020/1/31,-0.017780989,0
2020/2/3,0.007243888,0
2020/2/4,0.014870787,0
2020/2/5,0.011209526,0
2020/2/6,0.003486615,0
2020/2/7,-0.005218813,0
2020/2/10,0.007451688,0
2020/2/11,0.001725212,0
2020/2/12,0.006475272,0
2020/2/13,-0.00131232,0
2020/2/14,0.002004866,0
2020/2/18,-0.002861928,0
2020/2/19,0.004866848,0
2020/2/20,-0.003775228,0
2020/2/21,-0.010539382,0
2020/2/24,-0.033959058,1
2020/2/25,-0.030726632,1
2020/2/26,-0.003777925,1
2020/2/27,-0.044960947,1
2020/2/28,-0.00810813,1
2020/3/2,0.045033572,1
2020/3/3,-0.028479308,1
2020/3/4,0.041389039,1
2020/3/5,-0.03429621,1
2020/3/6,-0.017168823,1
2020/3/9,-0.078899834,1
2020/3/10,0.048241594,1
2020/3/11,-0.050027965,1
2020/3/12,-0.099725298,1
2020/3/13,0.089114464,1
2020/3/16,-0.127603897,1
2020/3/17,0.058255878,1
2020/3/18,-0.053219642,1
2020/3/19,0.004771678,1
2020/3/20,-0.044154189,1
2020/3/23,-0.02972889,1
2020/3/24,0.089780866,1
2020/3/25,0.011472096,1
2020/3/26,0.060587989,1
2020/3/27,-0.034264631,1
2020/3/30,0.033127335,1
2020/3/31,-0.016038981,1
2020/4/1,-0.045139148,1
2020/4/2,0.022736039,1
2020/4/3,-0.015117578,1
2020/4/6,0.067980634,1
2020/4/7,-0.001592713,1
2020/4/8,0.033724708,1
2020/4/9,0.014510357,1
2020/4/13,-0.010135099,1
2020/4/14,0.030235024,1
2020/4/15,-0.02221248,1
2020/4/16,0.005805604,1
2020/4/17,0.026481496,1
2020/4/20,-0.018044164,1
2020/4/21,-0.031127796,1
2020/4/22,0.022699742,1
2020/4/23,-0.00045751,1
2020/4/24,0.013845296,1
2020/4/27,0.014623846,1
2020/4/28,-0.005248189,1
2020/4/29,0.026268827,1
2020/4/30,-0.009218933,1
2020/5/1,-0.028348069,1
2020/5/4,0.004247416,1
2020/5/5,0.008998833,1
2020/5/6,-0.006924518,1
2020/5/7,0.011790232,1
2020/5/8,0.016920051,1
2020/5/11,0.000185628,1
2020/5/12,-0.020588199,1
2020/5/13,-0.017546199,1
2020/5/14,0.011670881,1
2020/5/15,0.004024427,1
2020/5/18,0.031129416,1
2020/5/19,-0.010447399,1
2020/5/20,0.016698376,1
2020/5/21,-0.007737366,1
2020/5/22,0.002522966,1
2020/5/26,0.012229674,1
2020/5/27,0.014738844,1
2020/5/28,-0.00199381,1
2020/5/29,0.004957342,1
2020/6/1,0.003792368,1
2020/6/2,0.008208115,1
2020/6/3,0.013656913,1
2020/6/4,-0.003156155,1
2020/6/5,0.025887471,1
2020/6/8,0.011986929,1
2020/6/9,-0.007759563,1
2020/6/10,-0.005323187,1
2020/6/11,-0.060630231,1
2020/6/12,0.013274074,1
2020/6/15,0.008312314,1
2020/6/16,0.01880119,1
2020/6/17,-0.003607143,1
2020/6/18,0.000630023,1
2020/6/19,-0.005478212,1
2020/6/22,0.00647418,1
2020/6/23,0.004302254,1
2020/6/24,-0.026189254,1
2020/6/25,0.010950028,1
2020/6/26,-0.024511894,1
2020/6/29,0.014700684,1
2020/6/30,0.015371167,1
2020/7/1,0.005040437,1
2020/7/2,0.004749531,1
2020/7/6,0.015761404,1
2020/7/7,-0.010872805,1
2020/7/8,0.007812135,1
2020/7/9,-0.005375607,1
2020/7/10,0.010415426,1
2020/7/13,-0.009406233,1
2020/7/14,0.013448009,1
2020/7/15,0.009060633,0
2020/7/16,-0.003380123,0
2020/7/17,0.002895506,0
2020/7/20,0.008372167,0
2020/7/21,0.001692168,0
2020/7/22,0.005754258,0
2020/7/23,-0.012318905,0
2020/7/24,-0.006189686,0
2020/7/27,0.007372249,0
2020/7/28,-0.00648291,0
2020/7/29,0.012354188,0
2020/7/30,-0.003597598,0
2020/7/31,0.007748496,0
2020/8/3,0.007186396,0
2020/8/4,0.003604517,0
2020/8/5,0.006410275,0
2020/8/6,0.006518345,0
2020/8/7,0.000841462,0
2020/8/10,0.002751769,0
2020/8/11,-0.007996537,0
2020/8/12,0.014046854,0
2020/8/13,-0.001800843,0
2020/8/14,-9.79E-05,0
2020/8/17,0.002731712,0
2020/8/18,0.002456645,0
2020/8/19,-0.004246752,0
2020/8/20,0.003186466,0
2020/8/21,0.003495432,0
2020/8/24,0.01011071,0
2020/8/25,0.003600544,0
2020/8/26,0.010151313,0
2020/8/27,0.001735605,0
2020/8/28,0.006810336,0
2020/8/31,-0.002081643,0
2020/9/1,0.007516613,0
2020/9/2,0.015352725,0
2020/9/3,-0.035564656,1
2020/9/4,-0.008166603,1
2020/9/8,-0.028104696,1
2020/9/9,0.019998385,1
2020/9/10,-0.017692193,1
2020/9/11,0.000580523,1
2020/9/14,0.0129746,1
2020/9/15,0.00522082,1
2020/9/16,-0.004592237,1
2020/9/17,-0.008432551,1
2020/9/18,-0.011231283,1
2020/9/21,-0.011586898,1
2020/9/22,0.01046758,1
2020/9/23,-0.023933356,1
2020/9/24,0.003032729,1
2020/9/25,0.015883282,1
2020/9/28,0.015982973,1
2020/9/29,-0.004697517,1
2020/9/30,0.008254433,1
2020/10/1,0.005385227,1
2020/10/2,-0.009612779,1
2020/10/5,0.017920665,1
2020/10/6,-0.014045546,1
2020/10/7,0.017274042,1
2020/10/8,0.008277535,1
2020/10/9,0.008773449,1
2020/10/12,0.01628306,1
2020/10/13,-0.006325847,1
2020/10/14,-0.006546961,1
2020/10/15,-0.00150035,1
2020/10/16,0.000152116,1
2020/10/19,-0.016462795,1
2020/10/20,0.004733109,1
2020/10/21,-0.002175149,1
2020/10/22,0.00528975,1
2020/10/23,0.003458421,1
2020/10/26,-0.018756591,1
2020/10/27,-0.003013441,1
2020/10/28,-0.035926303,1
2020/10/29,0.01196026,1
2020/10/30,-0.012095666,1
2020/11/2,0.012256579,1
2020/11/3,0.017650718,1
2020/11/4,0.021809207,1
2020/11/5,0.019459742,1
2020/11/6,-0.000159589,1
2020/11/9,0.011721754,0
2020/11/10,-0.001233577,0
2020/11/11,0.007622024,0
2020/11/12,-0.009821862,0
2020/11/13,0.013611672,0
2020/11/16,0.011593547,0
2020/11/17,-0.004658684,0
2020/11/18,-0.011447093,0
2020/11/19,0.004004293,0
2020/11/20,-0.006804875,0
2020/11/23,0.005732397,0
2020/11/24,0.016045533,0
2020/11/25,-0.001549953,0
2020/11/27,0.002494522,0
2020/11/30,-0.0044495,0
2020/12/1,0.011239642,0
2020/12/2,0.001883089,0
2020/12/3,-0.000438626,0
2020/12/4,0.008857852,0
2020/12/7,-0.001935526,0
2020/12/8,0.002808126,0
2020/12/9,-0.007931593,0
2020/12/10,-0.001212834,0
2020/12/11,-0.001243662,0
2020/12/14,-0.004186889,0
2020/12/15,0.012851697,0
2020/12/16,0.001773664,0
2020/12/17,0.005789159,0
2020/12/18,-0.003444693,0
2020/12/21,-0.003882325,0
2020/12/22,-0.001999619,0
2020/12/23,0.000761644,0
2020/12/24,0.003635992,0
2020/12/28,0.008684146,0
2020/12/29,-0.002228765,0
2020/12/30,0.001450248,0
2020/12/31,0.006496734,0
2021/1/4,-0.014810898,0
2021/1/5,0.007178108,0
2021/1/6,0.005708613,0
2021/1/7,0.014952164,0
2021/1/8,0.005604475,0
2021/1/11,-0.006577841,0
2021/1/12,0.000417309,0
2021/1/13,0.002292093,0
2021/1/14,-0.003645863,0
2021/1/15,-0.007202053,0
2021/1/19,0.008141442,0
2021/1/20,0.013840169,0
2021/1/21,0.000400652,0
2021/1/22,-0.003005475,0
2021/1/25,0.003609351,0
2021/1/26,-0.001484242,0
2021/1/27,-0.026011659,0
2021/1/28,0.009813656,0
2021/1/29,-0.019367007,0
2021/2/1,0.015925483,0
2021/2/2,0.013814146,0
2021/2/3,0.001008228,0
2021/2/4,0.010894188,0
2021/2/5,0.003995198,0
2021/2/8,0.007393427,0
2021/2/9,-0.000943115,0
2021/2/10,-0.000319762,0
2021/2/11,0.001863116,0
2021/2/12,0.004750799,0
2021/2/16,-0.000446261,0
2021/2/17,-0.000156785,0
2021/2/18,-0.004388644,0
2021/2/19,-0.001798773,0
2021/2/22,-0.007679067,0
2021/2/23,0.001275816,0
2021/2/24,0.011299449,0
2021/2/25,-0.024640435,0
2021/2/26,-0.004645455,0
2021/3/1,0.023536054,0
2021/3/2,-0.008106618,0
2021/3/3,-0.013100535,0
2021/3/4,-0.013330674,0
2021/3/5,0.019350026,0
2021/3/8,-0.00536341,0
2021/3/9,0.01414808,0
2021/3/10,0.006064864,0
2021/3/11,0.010410649,0
2021/3/12,0.001262528,0
2021/3/15,0.006515091,0
2021/3/16,-0.001543801,0
2021/3/17,0.002884207,0
2021/3/18,-0.014820935,0
2021/3/19,-0.000497033,0
2021/3/22,0.007002185,0
2021/3/23,-0.007655864,0
2021/3/24,-0.005422087,0
2021/3/25,0.005259001,0
2021/3/26,0.01650238,0
2021/3/29,-0.000866355,0
2021/3/30,-0.00305912,0
2021/3/31,0.003695119,0
2021/4/1,0.011756343,0
2021/4/5,0.014468875,0
2021/4/6,-0.000929204,0
2021/4/7,0.001493994,0
2021/4/8,0.004442284,0
2021/4/9,0.007702513,0
2021/4/12,-0.000180156,0
2021/4/13,0.003289295,0
2021/4/14,-0.003975422,0
2021/4/15,0.011054502,0
2021/4/16,0.00360127,0
2021/4/19,-0.005320707,0
2021/4/20,-0.006792075,0
2021/4/21,0.009263776,0
2021/4/22,-0.009172404,0
2021/4/23,0.010902702,0
2021/4/26,0.001780703,0
2021/4/27,-0.000207725,0
2021/4/28,-0.000838936,0
2021/4/29,0.006794269,0
2021/4/30,-0.00714048,0
2021/5/3,0.002746117,0
2021/5/4,-0.006700383,0
2021/5/5,0.00070834,0
2021/5/6,0.008288983,0
2021/5/7,0.007513406,0
2021/5/10,-0.010469145,0
2021/5/11,-0.008698307,0
2021/5/12,-0.021544003,0
2021/5/13,0.012268641,0
2021/5/14,0.014886676,0
2021/5/17,-0.002531725,0
2021/5/18,-0.008429814,0
2021/5/19,-0.002806624,0
2021/5/20,0.01058992,0
2021/5/21,-0.000744783,0
2021/5/24,0.009961514,0
2021/5/25,-0.002112871,0
2021/5/26,0.001888126,0
2021/5/27,0.001252535,0
2021/5/28,0.000893431,0
2021/6/1,-0.000461041,0
2021/6/2,0.001550417,0
2021/6/3,-0.003472296,0
2021/6/4,0.008805263,0
2021/6/7,-0.000773118,0
2021/6/8,0.000195355,0
2021/6/9,-0.001785781,0
2021/6/10,0.004690093,0
2021/6/11,0.001969799,0
2021/6/14,0.002060834,0
2021/6/15,-0.001978079,0
2021/6/16,-0.005391318,0
2021/6/17,-0.000409135,0
2021/6/18,-0.013159928,0
2021/6/21,0.013949589,0
2021/6/22,0.005110746,0
2021/6/23,-0.001080887,0
2021/6/24,0.005880795,0
2021/6/25,0.003343035,0
2021/6/28,0.002311292,0
2021/6/29,0.000365661,0
2021/6/30,0.001355195,0
2021/7/1,0.00527558,0
2021/7/2,0.007599349,0
2021/7/6,-0.001977854,0
2021/7/7,0.003355034,0
2021/7/8,-0.008400282,0
2021/7/9,0.011229106,0
2021/7/12,0.003443942,0
2021/7/13,-0.003520015,0
2021/7/14,0.001285432,0
2021/7/15,-0.003246425,0
2021/7/16,-0.007567172,0
2021/7/19,-0.015978899,0
2021/7/20,0.015077372,0
2021/7/21,0.008209477,0
2021/7/22,0.002088942,0
2021/7/23,0.010138804,0
2021/7/26,0.002391335,0
2021/7/27,-0.004719778,0
2021/7/28,-0.000179697,0
2021/7/29,0.004314698,0
2021/7/30,-0.005341782,0
2021/8/2,-0.001842396,0
2021/8/3,0.008172364,0
2021/8/4,-0.004633031,0
2021/8/5,0.006058207,0
2021/8/6,0.001790952,0
2021/8/9,-0.000863618,0
2021/8/10,0.000992247,0
2021/8/11,0.002505131,0
2021/8/12,0.003209983,0
2021/8/13,0.001645593,0
2021/8/16,0.002645622,0
2021/8/17,-0.007023723,0
2021/8/18,-0.010614897,0
2021/8/19,0.00132244,0
2021/8/20,0.008156869,0
2021/8/23,0.008577979,0
2021/8/24,0.001499663,0
2021/8/25,0.002230515,0
2021/8/26,-0.005804355,0
2021/8/27,0.008801885,0
2021/8/30,0.004360572,0
2021/8/31,-0.001235458,0
2021/9/1,0.000378682,0
2021/9/2,0.002995566,0
2021/9/3,-0.000309383,0
2021/9/7,-0.003372218,0
2021/9/8,-0.001285038,0
2021/9/9,-0.004531318,0
2021/9/10,-0.007704204,0
2021/9/13,0.002281673,0
2021/9/14,-0.005515928,0
2021/9/15,0.008465371,0
2021/9/16,-0.001521552,0
2021/9/17,-0.009148535,0
2021/9/20,-0.017116628,0
2021/9/21,-0.00076663,0
2021/9/22,0.009474148,0
2021/9/23,0.012101831,0
2021/9/24,0.001473106,0
2021/9/27,-0.002758197,0
2021/9/28,-0.020520629,0
2021/9/29,0.001665853,0
2021/9/30,-0.011912099,0
2021/10/1,0.011432452,0
2021/10/4,-0.013011382,0
2021/10/5,0.010583135,0
2021/10/6,0.004097943,0
2021/10/7,0.008493415,0
2021/10/8,-0.001900362,0
2021/10/11,-0.006888923,0
2021/10/12,-0.002420728,0
2021/10/13,0.003038488,0
2021/10/14,0.017029718,0
2021/10/15,0.007432918,0
2021/10/18,0.003369557,0
2021/10/19,0.007380882,0
2021/10/20,0.00366758,0
2021/10/21,0.003064675,0
2021/10/22,-0.001058106,0
2021/10/25,0.004741052,0
2021/10/26,0.001822068,0
2021/10/27,-0.005047031,0
2021/10/28,0.009830438,0
2021/10/29,0.002058632,0
2021/11/1,0.001808541,0
2021/11/2,0.003674878,0
2021/11/3,0.006439786,0
2021/11/4,0.004303762,0
2021/11/5,0.003826258,0
2021/11/8,0.000898478,0
2021/11/9,-0.003433158,0
2021/11/10,-0.008036186,0
2021/11/11,0.000551063,0
2021/11/12,0.007290314,0
2021/11/15,3.16E-05,0
2021/11/16,0.003911765,0
2021/11/17,-0.002407311,0
2021/11/18,0.00346819,0
2021/11/19,-0.001377348,0
2021/11/22,-0.003108359,0
2021/11/23,0.001667573,0
2021/11/24,0.002335409,0
2021/11/26,-0.022965103,0
2021/11/29,0.013177686,0
2021/11/30,-0.019010825,0
2021/12/1,-0.011800057,0
2021/12/2,0.014251349,0
2021/12/3,-0.00843758,0
2021/12/6,0.011691692,0
2021/12/7,0.02050767,0
2021/12/8,0.003102133,0
2021/12/9,-0.007085312,0
2021/12/10,0.009514521,0
2021/12/13,-0.009156667,0
2021/12/14,-0.007353892,0
2021/12/15,0.016237074,0
2021/12/16,-0.008739484,0
2021/12/17,-0.010285693,0
2021/12/20,-0.011444512,0
2021/12/21,0.017695936,0
2021/12/22,0.010233201,0
2021/12/23,0.00622155,0
2021/12/27,0.013779757,0
2021/12/28,-0.001010207,0
2021/12/29,0.00140295,0
2021/12/30,-0.002901849,0
2021/12/31,-0.002581703,0
2022/1/3,0.006359223,0
2022/1/4,-0.000563419,0
2022/1/5,-0.019506988,0
2022/1/6,-0.000891603,0
2022/1/7,-0.003876565,0
2022/1/10,-0.001441494,0
2022/1/11,0.009117607,0
2022/1/12,0.002828761,0
2022/1/13,-0.01423393,0
2022/1/14,0.000836724,0
2022/1/18,-0.018543691,0
2022/1/19,-0.009716889,0
2022/1/20,-0.011022274,0
2022/1/21,-0.019085397,0
2022/1/24,0.002767474,1
2022/1/25,-0.012241266,1
2022/1/26,-0.001487805,1
2022/1/27,-0.005333054,1
2022/1/28,0.024172634,1
2022/1/31,0.018727981,1
2022/2/1,0.006844483,1
2022/2/2,0.00938814,1
2022/2/3,-0.024646133,1
2022/2/4,0.00531121,1
2022/2/7,-0.003686645,1
2022/2/8,0.008375451,1
2022/2/9,0.014536915,1
2022/2/10,-0.01815274,1
2022/2/11,-0.019112966,1
2022/2/14,-0.003775967,1
2022/2/15,0.01575829,1
2022/2/16,0.001014557,1
2022/2/17,-0.021276275,1
2022/2/18,-0.007043838,1
2022/2/22,-0.010181534,1
2022/2/23,-0.018578032,1
2022/2/24,0.014925892,1
2022/2/25,0.022235863,1
2022/2/28,-0.002335517,1
2022/3/1,-0.015567559,1
2022/3/2,0.018504772,1
2022/3/3,-0.005143125,1
2022/3/4,-0.007895584,1
2022/3/7,-0.029949168,1
2022/3/8,-0.007233554,1
2022/3/9,0.025525699,1
2022/3/10,-0.004208361,1
2022/3/11,-0.012988156,1
2022/3/14,-0.007229708,1
2022/3/15,0.021204876,1
2022/3/16,0.022160752,1
2022/3/17,0.012330936,1
2022/3/18,0.011605889,1
2022/3/21,-0.000382383,1
2022/3/22,0.011239907,1
2022/3/23,-0.012292296,1
2022/3/24,0.014328102,1
2022/3/25,0.00505989,1
2022/3/28,0.007120856,1
2022/3/29,0.012183883,1
2022/3/30,-0.006210591,1
2022/3/31,-0.015708216,1
2022/4/1,0.003404865,1
2022/4/4,0.008065023,1
2022/4/5,-0.01246971,1
2022/4/6,-0.009760507,1
2022/4/7,0.0043691,1
2022/4/8,-0.002636368,1
2022/4/11,-0.017021916,1
2022/4/12,-0.003389641,1
2022/4/13,0.011301718,1
2022/4/14,-0.012219439,1
2022/4/18,-0.000204293,1
2022/4/19,0.015944594,1
2022/4/20,-0.000604067,1
2022/4/21,-0.014781418,1
2022/4/22,-0.028117205,1
2022/4/25,0.005695405,1
2022/4/26,-0.028540698,1
2022/4/27,0.002106021,1
2022/4/28,0.024503462,1
2022/4/29,-0.036885427,1
2022/5/2,0.005664964,1
2022/5/3,0.004825833,1
2022/5/4,0.029436296,1
2022/5/5,-0.036189654,1
2022/5/6,-0.00554206,1
2022/5/9,-0.032485118,1
2022/5/10,0.002460232,1
2022/5/11,-0.016562542,1
2022/5/12,-0.000939878,1
2022/5/13,0.023700147,1
2022/5/16,-0.003903169,1
2022/5/17,0.020022407,1
2022/5/18,-0.04099342,1
2022/5/19,-0.005743744,1
2022/5/20,0.000163593,1
2022/5/23,0.018503041,1
2022/5/24,-0.008138819,1
2022/5/25,0.009421446,1
2022/5/26,0.019724615,1
2022/5/27,0.024613793,1
2022/5/31,-0.006205026,1
2022/6/1,-0.007409564,1
2022/6/2,0.018433326,1
2022/6/3,-0.016409886,1
2022/6/6,0.003140301,1
2022/6/7,0.009506203,1
2022/6/8,-0.010815345,1
2022/6/9,-0.023987261,1
2022/6/10,-0.029511991,1
2022/6/13,-0.039534378,1
2022/6/14,-0.00343009,1
2022/6/15,0.014517103,1
2022/6/16,-0.032946287,1
2022/6/17,0.002220835,1
2022/6/21,0.024236705,1
2022/6/22,-0.001285984,1
2022/6/23,0.009530493,1
2022/6/24,0.030124221,1
2022/6/27,-0.002947281,1
2022/6/28,-0.020350768,1
2022/6/29,-0.000600362,1
2022/6/30,-0.008630393,1
2022/7/1,0.010510868,1
2022/7/5,0.001763632,1
2022/7/6,0.003585194,1
2022/7/7,0.014968407,1
2022/7/8,-0.000751038,1
2022/7/11,-0.011577287,1
2022/7/12,-0.009269145,1
2022/7/13,-0.004446904,1
2022/7/14,-0.002873733,1
2022/7/15,0.019020666,1
2022/7/18,-0.008398783,1
2022/7/19,0.027293328,1
2022/7/20,0.005894692,1
2022/7/21,0.009902675,1
2022/7/22,-0.009364897,1
2022/7/25,0.001314254,1
2022/7/26,-0.011601855,1
2022/7/27,0.025830889,1
2022/7/28,0.012183133,1
2022/7/29,0.014214001,1
2022/8/1,-0.002820205,1
2022/8/2,-0.006680413,1
2022/8/3,0.015532812,1
2022/8/4,-0.000689843,1
2022/8/5,-0.001498748,1
2022/8/8,-0.001220382,1
2022/8/9,-0.00419482,1
2022/8/10,0.021110608,1
2022/8/11,-0.000436591,1
2022/8/12,0.017301297,1
2022/8/15,0.003992731,1
2022/8/16,0.001923924,1
2022/8/17,-0.007082437,1
2022/8/18,0.002418788,1
2022/8/19,-0.01295344,1
2022/8/22,-0.021526142,1
2022/8/23,-0.002226668,1
2022/8/24,0.002931697,1
2022/8/25,0.01401611,1
2022/8/26,-0.034240426,1
2022/8/29,-0.006640272,1
2022/8/30,-0.011009028,1
2022/8/31,-0.007645384,1
2022/9/1,0.003164641,1
2022/9/2,-0.010715272,1
2022/9/6,-0.004051789,1
2022/9/7,0.018201834,1
2022/9/8,0.006711344,1
2022/9/9,0.015242341,1
2022/9/12,0.010527567,1
2022/9/13,-0.044170369,1
2022/9/14,0.003653826,1
2022/9/15,-0.011279896,1
2022/9/16,-0.00719231,1
2022/9/19,0.006844427,1
2022/9/20,-0.011325332,1
2022/9/21,-0.017197702,1
2022/9/22,-0.008417192,1
2022/9/23,-0.017359791,1
2022/9/26,-0.010391832,1
2022/9/27,-0.002059055,1
2022/9/28,0.019537983,1
2022/9/29,-0.021208157,1
2022/9/30,-0.015134765,1
2022/10/3,0.02556176,1
2022/10/4,0.030211941,1
2022/10/5,-0.001922674,1
2022/10/6,-0.010042271,1
2022/10/7,-0.028369726,1
2022/10/10,-0.007521377,1
2022/10/11,-0.006523281,1
2022/10/12,-0.003269432,1
2022/10/13,0.025763241,1
2022/10/14,-0.023908698,1
2022/10/17,0.026136867,1
2022/10/18,0.011383864,1
2022/10/19,-0.006696447,1
2022/10/20,-0.00787033,1
2022/10/21,0.023467244,1
2022/10/24,0.011811939,1
2022/10/25,0.016141631,1
2022/10/26,-0.007401545,1
2022/10/27,-0.006083075,1
2022/10/28,0.024424295,1
2022/10/31,-0.007443116,1
2022/11/1,-0.004100525,1
2022/11/2,-0.025315073,1
2022/11/3,-0.010513103,1
2022/11/4,0.013737909,1
2022/11/7,0.009588487,1
2022/11/8,0.005590414,1
2022/11/9,-0.020780827,1
2022/11/10,0.054026207,1
2022/11/11,0.00919767,1
2022/11/14,-0.008749385,1
2022/11/15,0.008750092,1
2022/11/16,-0.008055219,1
2022/11/17,-0.00288717,1
2022/11/18,0.004777196,1
2022/11/21,-0.003777319,1
2022/11/22,0.013513832,1
2022/11/23,0.005950085,1
2022/11/25,-0.000255222,1
2022/11/28,-0.015557259,1
2022/11/29,-0.001506007,1
2022/11/30,0.030743535,1
2022/12/1,-0.000702598,1
2022/12/2,-0.001116295,1
2022/12/5,-0.018042877,1
2022/12/6,-0.014465368,1
2022/12/7,-0.001840894,1
2022/12/8,0.007635765,1
2022/12/9,-0.007334965,1
2022/12/12,0.014183846,1
2022/12/13,0.007303581,1
2022/12/14,-0.00587829,1
2022/12/15,-0.025164021,1
2022/12/16,-0.011125074,1
2022/12/19,-0.008982289,1
2022/12/20,0.001073915,1
2022/12/21,0.014898846,1
2022/12/22,-0.014558086,1
2022/12/23,0.005879179,1
2022/12/27,-0.003977087,1
2022/12/28,-0.012084396,1
2022/12/29,0.017439659,1
2022/12/30,-0.002483335,1
2023/1/3,-0.003971795,1
